/bin/zsh: can't open input file: /Users/macmini/Desktop/Êµ\M-^KËØ\M-^UÂπ≥Â\M-^O∞/scripts/Â\M-\t\M-^MÂ\M-^O∞Â\M-^PØÂ\M-\n®Â±\M-^@Â\M-^_\M-^_ÁΩ\M-^QÊ\M-^\\M-^MÂ\M-\n°.sh
/bin/zsh: can't open input file: /Users/macmini/Desktop/Êµ\M-^KËØ\M-^UÂπ≥Â\M-^O∞/scripts/Â\M-\t\M-^MÂ\M-^O∞Â\M-^PØÂ\M-\n®Â±\M-^@Â\M-^_\M-^_ÁΩ\M-^QÊ\M-^\\M-^MÂ\M-\n°.sh
/bin/zsh: can't open input file: /Users/macmini/Desktop/Êµ\M-^KËØ\M-^UÂπ≥Â\M-^O∞/scripts/Â\M-\t\M-^MÂ\M-^O∞Â\M-^PØÂ\M-\n®Â±\M-^@Â\M-^_\M-^_ÁΩ\M-^QÊ\M-^\\M-^MÂ\M-\n°.sh
/bin/zsh: can't open input file: /Users/macmini/Desktop/Êµ\M-^KËØ\M-^UÂπ≥Â\M-^O∞/scripts/Â\M-\t\M-^MÂ\M-^O∞Â\M-^PØÂ\M-\n®Â±\M-^@Â\M-^_\M-^_ÁΩ\M-^QÊ\M-^\\M-^MÂ\M-\n°.sh
/bin/zsh: can't open input file: /Users/macmini/Desktop/Êµ\M-^KËØ\M-^UÂπ≥Â\M-^O∞/scripts/Â\M-\t\M-^MÂ\M-^O∞Â\M-^PØÂ\M-\n®Â±\M-^@Â\M-^_\M-^_ÁΩ\M-^QÊ\M-^\\M-^MÂ\M-\n°.sh
/bin/zsh: can't open input file: /Users/macmini/Desktop/Êµ\M-^KËØ\M-^UÂπ≥Â\M-^O∞/scripts/Â\M-\t\M-^MÂ\M-^O∞Â\M-^PØÂ\M-\n®Â±\M-^@Â\M-^_\M-^_ÁΩ\M-^QÊ\M-^\\M-^MÂ\M-\n°.sh
/bin/zsh: can't open input file: /Users/macmini/Desktop/Êµ\M-^KËØ\M-^UÂπ≥Â\M-^O∞/scripts/Â\M-\t\M-^MÂ\M-^O∞Â\M-^PØÂ\M-\n®Â±\M-^@Â\M-^_\M-^_ÁΩ\M-^QÊ\M-^\\M-^MÂ\M-\n°.sh
/bin/zsh: can't open input file: /Users/macmini/Desktop/Êµ\M-^KËØ\M-^UÂπ≥Â\M-^O∞/scripts/Â\M-\t\M-^MÂ\M-^O∞Â\M-^PØÂ\M-\n®Â±\M-^@Â\M-^_\M-^_ÁΩ\M-^QÊ\M-^\\M-^MÂ\M-\n°.sh
/bin/zsh: can't open input file: /Users/macmini/Desktop/Êµ\M-^KËØ\M-^UÂπ≥Â\M-^O∞/scripts/Â\M-\t\M-^MÂ\M-^O∞Â\M-^PØÂ\M-\n®Â±\M-^@Â\M-^_\M-^_ÁΩ\M-^QÊ\M-^\\M-^MÂ\M-\n°.sh
/bin/zsh: can't open input file: /Users/macmini/Desktop/Êµ\M-^KËØ\M-^UÂπ≥Â\M-^O∞/scripts/Â\M-\t\M-^MÂ\M-^O∞Â\M-^PØÂ\M-\n®Â±\M-^@Â\M-^_\M-^_ÁΩ\M-^QÊ\M-^\\M-^MÂ\M-\n°.sh
/bin/zsh: can't open input file: /Users/macmini/Desktop/Êµ\M-^KËØ\M-^UÂπ≥Â\M-^O∞/scripts/Â\M-\t\M-^MÂ\M-^O∞Â\M-^PØÂ\M-\n®Â±\M-^@Â\M-^_\M-^_ÁΩ\M-^QÊ\M-^\\M-^MÂ\M-\n°.sh
/bin/zsh: can't open input file: /Users/macmini/Desktop/Êµ\M-^KËØ\M-^UÂπ≥Â\M-^O∞/scripts/Â\M-\t\M-^MÂ\M-^O∞Â\M-^PØÂ\M-\n®Â±\M-^@Â\M-^_\M-^_ÁΩ\M-^QÊ\M-^\\M-^MÂ\M-\n°.sh
/bin/zsh: can't open input file: /Users/macmini/Desktop/Êµ\M-^KËØ\M-^UÂπ≥Â\M-^O∞/scripts/Â\M-\t\M-^MÂ\M-^O∞Â\M-^PØÂ\M-\n®Â±\M-^@Â\M-^_\M-^_ÁΩ\M-^QÊ\M-^\\M-^MÂ\M-\n°.sh
/bin/zsh: can't open input file: /Users/macmini/Desktop/Êµ\M-^KËØ\M-^UÂπ≥Â\M-^O∞/scripts/Â\M-\t\M-^MÂ\M-^O∞Â\M-^PØÂ\M-\n®Â±\M-^@Â\M-^_\M-^_ÁΩ\M-^QÊ\M-^\\M-^MÂ\M-\n°.sh
/bin/zsh: can't open input file: /Users/macmini/Desktop/Êµ\M-^KËØ\M-^UÂπ≥Â\M-^O∞/scripts/Â\M-\t\M-^MÂ\M-^O∞Â\M-^PØÂ\M-\n®Â±\M-^@Â\M-^_\M-^_ÁΩ\M-^QÊ\M-^\\M-^MÂ\M-\n°.sh
/bin/zsh: can't open input file: /Users/macmini/Desktop/Êµ\M-^KËØ\M-^UÂπ≥Â\M-^O∞/scripts/Â\M-\t\M-^MÂ\M-^O∞Â\M-^PØÂ\M-\n®Â±\M-^@Â\M-^_\M-^_ÁΩ\M-^QÊ\M-^\\M-^MÂ\M-\n°.sh
/bin/zsh: can't open input file: /Users/macmini/runzo-web/scripts/start_lan_foreground.sh
/bin/zsh: can't open input file: /Users/macmini/runzo-web/scripts/start_lan_foreground.sh
/bin/zsh: can't open input file: /Users/macmini/runzo-web/scripts/start_lan_foreground.sh
/bin/zsh: can't open input file: /Users/macmini/runzo-web/scripts/start_lan_foreground.sh
/bin/zsh: can't open input file: /Users/macmini/runzo-web/scripts/start_lan_foreground.sh
/bin/zsh: can't open input file: /Users/macmini/runzo-web/scripts/start_lan_foreground.sh
/bin/zsh: can't open input file: /Users/macmini/runzo-web/scripts/start_lan_foreground.sh
/bin/zsh: can't open input file: /Users/macmini/runzo-web/scripts/start_lan_foreground.sh
/bin/zsh: can't open input file: /Users/macmini/runzo-web/scripts/start_lan_foreground.sh
/bin/zsh: can't open input file: /Users/macmini/runzo-web/scripts/start_lan_foreground.sh
/bin/zsh: can't open input file: /Users/macmini/runzo-web/scripts/start_lan_foreground.sh
/bin/zsh: can't open input file: /Users/macmini/runzo-web/scripts/start_lan_foreground.sh
/bin/zsh: can't open input file: /Users/macmini/runzo-web/scripts/start_lan_foreground.sh
/bin/zsh: can't open input file: /Users/macmini/runzo-web/scripts/start_lan_foreground.sh
/bin/zsh: can't open input file: /Users/macmini/runzo-web/scripts/start_lan_foreground.sh
/bin/zsh: can't open input file: /Users/macmini/runzo-web/scripts/start_lan_foreground.sh
/Users/macmini/Library/Python/3.9/lib/python/site-packages/uvicorn/server.py:67: RuntimeWarning: coroutine 'Server.serve' was never awaited
  return asyncio_run(self.serve(sockets=sockets), loop_factory=self.config.get_loop_factory())
Traceback (most recent call last):
  File "/Applications/Xcode.app/Contents/Developer/Library/Frameworks/Python3.framework/Versions/3.9/lib/python3.9/runpy.py", line 197, in _run_module_as_main
    return _run_code(code, main_globals, None,
  File "/Applications/Xcode.app/Contents/Developer/Library/Frameworks/Python3.framework/Versions/3.9/lib/python3.9/runpy.py", line 87, in _run_code
    exec(code, run_globals)
  File "/Users/macmini/Library/Python/3.9/lib/python/site-packages/uvicorn/__main__.py", line 4, in <module>
    uvicorn.main()
  File "/Users/macmini/Library/Python/3.9/lib/python/site-packages/click/core.py", line 1161, in __call__
    return self.main(*args, **kwargs)
  File "/Users/macmini/Library/Python/3.9/lib/python/site-packages/click/core.py", line 1082, in main
    rv = self.invoke(ctx)
  File "/Users/macmini/Library/Python/3.9/lib/python/site-packages/click/core.py", line 1443, in invoke
    return ctx.invoke(self.callback, **ctx.params)
  File "/Users/macmini/Library/Python/3.9/lib/python/site-packages/click/core.py", line 788, in invoke
    return __callback(*args, **kwargs)
  File "/Users/macmini/Library/Python/3.9/lib/python/site-packages/uvicorn/main.py", line 423, in main
    run(
  File "/Users/macmini/Library/Python/3.9/lib/python/site-packages/uvicorn/main.py", line 593, in run
    server.run()
  File "/Users/macmini/Library/Python/3.9/lib/python/site-packages/uvicorn/server.py", line 67, in run
    return asyncio_run(self.serve(sockets=sockets), loop_factory=self.config.get_loop_factory())
  File "/Users/macmini/Library/Python/3.9/lib/python/site-packages/uvicorn/config.py", line 497, in get_loop_factory
    return loop_factory(use_subprocess=self.use_subprocess)
  File "/Users/macmini/Library/Python/3.9/lib/python/site-packages/uvicorn/loops/auto.py", line 9, in auto_loop_factory
    import uvloop  # noqa
  File "<frozen importlib._bootstrap>", line 1007, in _find_and_load
  File "<frozen importlib._bootstrap>", line 982, in _find_and_load_unlocked
  File "<frozen importlib._bootstrap>", line 925, in _find_spec
  File "<frozen importlib._bootstrap_external>", line 1414, in find_spec
  File "<frozen importlib._bootstrap_external>", line 1383, in _get_spec
  File "<frozen importlib._bootstrap_external>", line 1347, in _path_importer_cache
PermissionError: [Errno 1] Operation not permitted
/Users/macmini/Library/Python/3.9/lib/python/site-packages/uvicorn/server.py:67: RuntimeWarning: coroutine 'Server.serve' was never awaited
  return asyncio_run(self.serve(sockets=sockets), loop_factory=self.config.get_loop_factory())
Traceback (most recent call last):
  File "/Applications/Xcode.app/Contents/Developer/Library/Frameworks/Python3.framework/Versions/3.9/lib/python3.9/runpy.py", line 197, in _run_module_as_main
    return _run_code(code, main_globals, None,
  File "/Applications/Xcode.app/Contents/Developer/Library/Frameworks/Python3.framework/Versions/3.9/lib/python3.9/runpy.py", line 87, in _run_code
    exec(code, run_globals)
  File "/Users/macmini/Library/Python/3.9/lib/python/site-packages/uvicorn/__main__.py", line 4, in <module>
    uvicorn.main()
  File "/Users/macmini/Library/Python/3.9/lib/python/site-packages/click/core.py", line 1161, in __call__
    return self.main(*args, **kwargs)
  File "/Users/macmini/Library/Python/3.9/lib/python/site-packages/click/core.py", line 1082, in main
    rv = self.invoke(ctx)
  File "/Users/macmini/Library/Python/3.9/lib/python/site-packages/click/core.py", line 1443, in invoke
    return ctx.invoke(self.callback, **ctx.params)
  File "/Users/macmini/Library/Python/3.9/lib/python/site-packages/click/core.py", line 788, in invoke
    return __callback(*args, **kwargs)
  File "/Users/macmini/Library/Python/3.9/lib/python/site-packages/uvicorn/main.py", line 423, in main
    run(
  File "/Users/macmini/Library/Python/3.9/lib/python/site-packages/uvicorn/main.py", line 593, in run
    server.run()
  File "/Users/macmini/Library/Python/3.9/lib/python/site-packages/uvicorn/server.py", line 67, in run
    return asyncio_run(self.serve(sockets=sockets), loop_factory=self.config.get_loop_factory())
  File "/Users/macmini/Library/Python/3.9/lib/python/site-packages/uvicorn/config.py", line 497, in get_loop_factory
    return loop_factory(use_subprocess=self.use_subprocess)
  File "/Users/macmini/Library/Python/3.9/lib/python/site-packages/uvicorn/loops/auto.py", line 9, in auto_loop_factory
    import uvloop  # noqa
  File "<frozen importlib._bootstrap>", line 1007, in _find_and_load
  File "<frozen importlib._bootstrap>", line 982, in _find_and_load_unlocked
  File "<frozen importlib._bootstrap>", line 925, in _find_spec
  File "<frozen importlib._bootstrap_external>", line 1414, in find_spec
  File "<frozen importlib._bootstrap_external>", line 1383, in _get_spec
  File "<frozen importlib._bootstrap_external>", line 1347, in _path_importer_cache
PermissionError: [Errno 1] Operation not permitted
/Users/macmini/Library/Python/3.9/lib/python/site-packages/uvicorn/server.py:67: RuntimeWarning: coroutine 'Server.serve' was never awaited
  return asyncio_run(self.serve(sockets=sockets), loop_factory=self.config.get_loop_factory())
Traceback (most recent call last):
  File "/Applications/Xcode.app/Contents/Developer/Library/Frameworks/Python3.framework/Versions/3.9/lib/python3.9/runpy.py", line 197, in _run_module_as_main
    return _run_code(code, main_globals, None,
  File "/Applications/Xcode.app/Contents/Developer/Library/Frameworks/Python3.framework/Versions/3.9/lib/python3.9/runpy.py", line 87, in _run_code
    exec(code, run_globals)
  File "/Users/macmini/Library/Python/3.9/lib/python/site-packages/uvicorn/__main__.py", line 4, in <module>
    uvicorn.main()
  File "/Users/macmini/Library/Python/3.9/lib/python/site-packages/click/core.py", line 1161, in __call__
    return self.main(*args, **kwargs)
  File "/Users/macmini/Library/Python/3.9/lib/python/site-packages/click/core.py", line 1082, in main
    rv = self.invoke(ctx)
  File "/Users/macmini/Library/Python/3.9/lib/python/site-packages/click/core.py", line 1443, in invoke
    return ctx.invoke(self.callback, **ctx.params)
  File "/Users/macmini/Library/Python/3.9/lib/python/site-packages/click/core.py", line 788, in invoke
    return __callback(*args, **kwargs)
  File "/Users/macmini/Library/Python/3.9/lib/python/site-packages/uvicorn/main.py", line 423, in main
    run(
  File "/Users/macmini/Library/Python/3.9/lib/python/site-packages/uvicorn/main.py", line 593, in run
    server.run()
  File "/Users/macmini/Library/Python/3.9/lib/python/site-packages/uvicorn/server.py", line 67, in run
    return asyncio_run(self.serve(sockets=sockets), loop_factory=self.config.get_loop_factory())
  File "/Users/macmini/Library/Python/3.9/lib/python/site-packages/uvicorn/config.py", line 497, in get_loop_factory
    return loop_factory(use_subprocess=self.use_subprocess)
  File "/Users/macmini/Library/Python/3.9/lib/python/site-packages/uvicorn/loops/auto.py", line 9, in auto_loop_factory
    import uvloop  # noqa
  File "<frozen importlib._bootstrap>", line 1007, in _find_and_load
  File "<frozen importlib._bootstrap>", line 982, in _find_and_load_unlocked
  File "<frozen importlib._bootstrap>", line 925, in _find_spec
  File "<frozen importlib._bootstrap_external>", line 1414, in find_spec
  File "<frozen importlib._bootstrap_external>", line 1383, in _get_spec
  File "<frozen importlib._bootstrap_external>", line 1347, in _path_importer_cache
PermissionError: [Errno 1] Operation not permitted
/Users/macmini/Library/Python/3.9/lib/python/site-packages/uvicorn/server.py:67: RuntimeWarning: coroutine 'Server.serve' was never awaited
  return asyncio_run(self.serve(sockets=sockets), loop_factory=self.config.get_loop_factory())
Traceback (most recent call last):
  File "/Applications/Xcode.app/Contents/Developer/Library/Frameworks/Python3.framework/Versions/3.9/lib/python3.9/runpy.py", line 197, in _run_module_as_main
    return _run_code(code, main_globals, None,
  File "/Applications/Xcode.app/Contents/Developer/Library/Frameworks/Python3.framework/Versions/3.9/lib/python3.9/runpy.py", line 87, in _run_code
    exec(code, run_globals)
  File "/Users/macmini/Library/Python/3.9/lib/python/site-packages/uvicorn/__main__.py", line 4, in <module>
    uvicorn.main()
  File "/Users/macmini/Library/Python/3.9/lib/python/site-packages/click/core.py", line 1161, in __call__
    return self.main(*args, **kwargs)
  File "/Users/macmini/Library/Python/3.9/lib/python/site-packages/click/core.py", line 1082, in main
    rv = self.invoke(ctx)
  File "/Users/macmini/Library/Python/3.9/lib/python/site-packages/click/core.py", line 1443, in invoke
    return ctx.invoke(self.callback, **ctx.params)
  File "/Users/macmini/Library/Python/3.9/lib/python/site-packages/click/core.py", line 788, in invoke
    return __callback(*args, **kwargs)
  File "/Users/macmini/Library/Python/3.9/lib/python/site-packages/uvicorn/main.py", line 423, in main
    run(
  File "/Users/macmini/Library/Python/3.9/lib/python/site-packages/uvicorn/main.py", line 593, in run
    server.run()
  File "/Users/macmini/Library/Python/3.9/lib/python/site-packages/uvicorn/server.py", line 67, in run
    return asyncio_run(self.serve(sockets=sockets), loop_factory=self.config.get_loop_factory())
  File "/Users/macmini/Library/Python/3.9/lib/python/site-packages/uvicorn/config.py", line 497, in get_loop_factory
    return loop_factory(use_subprocess=self.use_subprocess)
  File "/Users/macmini/Library/Python/3.9/lib/python/site-packages/uvicorn/loops/auto.py", line 9, in auto_loop_factory
    import uvloop  # noqa
  File "<frozen importlib._bootstrap>", line 1007, in _find_and_load
  File "<frozen importlib._bootstrap>", line 982, in _find_and_load_unlocked
  File "<frozen importlib._bootstrap>", line 925, in _find_spec
  File "<frozen importlib._bootstrap_external>", line 1414, in find_spec
  File "<frozen importlib._bootstrap_external>", line 1383, in _get_spec
  File "<frozen importlib._bootstrap_external>", line 1347, in _path_importer_cache
PermissionError: [Errno 1] Operation not permitted
/Users/macmini/Library/Python/3.9/lib/python/site-packages/uvicorn/server.py:67: RuntimeWarning: coroutine 'Server.serve' was never awaited
  return asyncio_run(self.serve(sockets=sockets), loop_factory=self.config.get_loop_factory())
Traceback (most recent call last):
  File "/Applications/Xcode.app/Contents/Developer/Library/Frameworks/Python3.framework/Versions/3.9/lib/python3.9/runpy.py", line 197, in _run_module_as_main
    return _run_code(code, main_globals, None,
  File "/Applications/Xcode.app/Contents/Developer/Library/Frameworks/Python3.framework/Versions/3.9/lib/python3.9/runpy.py", line 87, in _run_code
    exec(code, run_globals)
  File "/Users/macmini/Library/Python/3.9/lib/python/site-packages/uvicorn/__main__.py", line 4, in <module>
    uvicorn.main()
  File "/Users/macmini/Library/Python/3.9/lib/python/site-packages/click/core.py", line 1161, in __call__
    return self.main(*args, **kwargs)
  File "/Users/macmini/Library/Python/3.9/lib/python/site-packages/click/core.py", line 1082, in main
    rv = self.invoke(ctx)
  File "/Users/macmini/Library/Python/3.9/lib/python/site-packages/click/core.py", line 1443, in invoke
    return ctx.invoke(self.callback, **ctx.params)
  File "/Users/macmini/Library/Python/3.9/lib/python/site-packages/click/core.py", line 788, in invoke
    return __callback(*args, **kwargs)
  File "/Users/macmini/Library/Python/3.9/lib/python/site-packages/uvicorn/main.py", line 423, in main
    run(
  File "/Users/macmini/Library/Python/3.9/lib/python/site-packages/uvicorn/main.py", line 593, in run
    server.run()
  File "/Users/macmini/Library/Python/3.9/lib/python/site-packages/uvicorn/server.py", line 67, in run
    return asyncio_run(self.serve(sockets=sockets), loop_factory=self.config.get_loop_factory())
  File "/Users/macmini/Library/Python/3.9/lib/python/site-packages/uvicorn/config.py", line 497, in get_loop_factory
    return loop_factory(use_subprocess=self.use_subprocess)
  File "/Users/macmini/Library/Python/3.9/lib/python/site-packages/uvicorn/loops/auto.py", line 9, in auto_loop_factory
    import uvloop  # noqa
  File "<frozen importlib._bootstrap>", line 1007, in _find_and_load
  File "<frozen importlib._bootstrap>", line 982, in _find_and_load_unlocked
  File "<frozen importlib._bootstrap>", line 925, in _find_spec
  File "<frozen importlib._bootstrap_external>", line 1414, in find_spec
  File "<frozen importlib._bootstrap_external>", line 1383, in _get_spec
  File "<frozen importlib._bootstrap_external>", line 1347, in _path_importer_cache
PermissionError: [Errno 1] Operation not permitted
/Users/macmini/Library/Python/3.9/lib/python/site-packages/uvicorn/server.py:67: RuntimeWarning: coroutine 'Server.serve' was never awaited
  return asyncio_run(self.serve(sockets=sockets), loop_factory=self.config.get_loop_factory())
Traceback (most recent call last):
  File "/Applications/Xcode.app/Contents/Developer/Library/Frameworks/Python3.framework/Versions/3.9/lib/python3.9/runpy.py", line 197, in _run_module_as_main
    return _run_code(code, main_globals, None,
  File "/Applications/Xcode.app/Contents/Developer/Library/Frameworks/Python3.framework/Versions/3.9/lib/python3.9/runpy.py", line 87, in _run_code
    exec(code, run_globals)
  File "/Users/macmini/Library/Python/3.9/lib/python/site-packages/uvicorn/__main__.py", line 4, in <module>
    uvicorn.main()
  File "/Users/macmini/Library/Python/3.9/lib/python/site-packages/click/core.py", line 1161, in __call__
    return self.main(*args, **kwargs)
  File "/Users/macmini/Library/Python/3.9/lib/python/site-packages/click/core.py", line 1082, in main
    rv = self.invoke(ctx)
  File "/Users/macmini/Library/Python/3.9/lib/python/site-packages/click/core.py", line 1443, in invoke
    return ctx.invoke(self.callback, **ctx.params)
  File "/Users/macmini/Library/Python/3.9/lib/python/site-packages/click/core.py", line 788, in invoke
    return __callback(*args, **kwargs)
  File "/Users/macmini/Library/Python/3.9/lib/python/site-packages/uvicorn/main.py", line 423, in main
    run(
  File "/Users/macmini/Library/Python/3.9/lib/python/site-packages/uvicorn/main.py", line 593, in run
    server.run()
  File "/Users/macmini/Library/Python/3.9/lib/python/site-packages/uvicorn/server.py", line 67, in run
    return asyncio_run(self.serve(sockets=sockets), loop_factory=self.config.get_loop_factory())
  File "/Users/macmini/Library/Python/3.9/lib/python/site-packages/uvicorn/config.py", line 497, in get_loop_factory
    return loop_factory(use_subprocess=self.use_subprocess)
  File "/Users/macmini/Library/Python/3.9/lib/python/site-packages/uvicorn/loops/auto.py", line 9, in auto_loop_factory
    import uvloop  # noqa
  File "<frozen importlib._bootstrap>", line 1007, in _find_and_load
  File "<frozen importlib._bootstrap>", line 982, in _find_and_load_unlocked
  File "<frozen importlib._bootstrap>", line 925, in _find_spec
  File "<frozen importlib._bootstrap_external>", line 1414, in find_spec
  File "<frozen importlib._bootstrap_external>", line 1383, in _get_spec
  File "<frozen importlib._bootstrap_external>", line 1347, in _path_importer_cache
PermissionError: [Errno 1] Operation not permitted
/Users/macmini/Library/Python/3.9/lib/python/site-packages/uvicorn/server.py:67: RuntimeWarning: coroutine 'Server.serve' was never awaited
  return asyncio_run(self.serve(sockets=sockets), loop_factory=self.config.get_loop_factory())
Traceback (most recent call last):
  File "/Applications/Xcode.app/Contents/Developer/Library/Frameworks/Python3.framework/Versions/3.9/lib/python3.9/runpy.py", line 197, in _run_module_as_main
    return _run_code(code, main_globals, None,
  File "/Applications/Xcode.app/Contents/Developer/Library/Frameworks/Python3.framework/Versions/3.9/lib/python3.9/runpy.py", line 87, in _run_code
    exec(code, run_globals)
  File "/Users/macmini/Library/Python/3.9/lib/python/site-packages/uvicorn/__main__.py", line 4, in <module>
    uvicorn.main()
  File "/Users/macmini/Library/Python/3.9/lib/python/site-packages/click/core.py", line 1161, in __call__
    return self.main(*args, **kwargs)
  File "/Users/macmini/Library/Python/3.9/lib/python/site-packages/click/core.py", line 1082, in main
    rv = self.invoke(ctx)
  File "/Users/macmini/Library/Python/3.9/lib/python/site-packages/click/core.py", line 1443, in invoke
    return ctx.invoke(self.callback, **ctx.params)
  File "/Users/macmini/Library/Python/3.9/lib/python/site-packages/click/core.py", line 788, in invoke
    return __callback(*args, **kwargs)
  File "/Users/macmini/Library/Python/3.9/lib/python/site-packages/uvicorn/main.py", line 423, in main
    run(
  File "/Users/macmini/Library/Python/3.9/lib/python/site-packages/uvicorn/main.py", line 593, in run
    server.run()
  File "/Users/macmini/Library/Python/3.9/lib/python/site-packages/uvicorn/server.py", line 67, in run
    return asyncio_run(self.serve(sockets=sockets), loop_factory=self.config.get_loop_factory())
  File "/Users/macmini/Library/Python/3.9/lib/python/site-packages/uvicorn/config.py", line 497, in get_loop_factory
    return loop_factory(use_subprocess=self.use_subprocess)
  File "/Users/macmini/Library/Python/3.9/lib/python/site-packages/uvicorn/loops/auto.py", line 9, in auto_loop_factory
    import uvloop  # noqa
  File "<frozen importlib._bootstrap>", line 1007, in _find_and_load
  File "<frozen importlib._bootstrap>", line 982, in _find_and_load_unlocked
  File "<frozen importlib._bootstrap>", line 925, in _find_spec
  File "<frozen importlib._bootstrap_external>", line 1414, in find_spec
  File "<frozen importlib._bootstrap_external>", line 1383, in _get_spec
  File "<frozen importlib._bootstrap_external>", line 1347, in _path_importer_cache
PermissionError: [Errno 1] Operation not permitted
/Users/macmini/Library/Python/3.9/lib/python/site-packages/uvicorn/server.py:67: RuntimeWarning: coroutine 'Server.serve' was never awaited
  return asyncio_run(self.serve(sockets=sockets), loop_factory=self.config.get_loop_factory())
Traceback (most recent call last):
  File "/Applications/Xcode.app/Contents/Developer/Library/Frameworks/Python3.framework/Versions/3.9/lib/python3.9/runpy.py", line 197, in _run_module_as_main
    return _run_code(code, main_globals, None,
  File "/Applications/Xcode.app/Contents/Developer/Library/Frameworks/Python3.framework/Versions/3.9/lib/python3.9/runpy.py", line 87, in _run_code
    exec(code, run_globals)
  File "/Users/macmini/Library/Python/3.9/lib/python/site-packages/uvicorn/__main__.py", line 4, in <module>
    uvicorn.main()
  File "/Users/macmini/Library/Python/3.9/lib/python/site-packages/click/core.py", line 1161, in __call__
    return self.main(*args, **kwargs)
  File "/Users/macmini/Library/Python/3.9/lib/python/site-packages/click/core.py", line 1082, in main
    rv = self.invoke(ctx)
  File "/Users/macmini/Library/Python/3.9/lib/python/site-packages/click/core.py", line 1443, in invoke
    return ctx.invoke(self.callback, **ctx.params)
  File "/Users/macmini/Library/Python/3.9/lib/python/site-packages/click/core.py", line 788, in invoke
    return __callback(*args, **kwargs)
  File "/Users/macmini/Library/Python/3.9/lib/python/site-packages/uvicorn/main.py", line 423, in main
    run(
  File "/Users/macmini/Library/Python/3.9/lib/python/site-packages/uvicorn/main.py", line 593, in run
    server.run()
  File "/Users/macmini/Library/Python/3.9/lib/python/site-packages/uvicorn/server.py", line 67, in run
    return asyncio_run(self.serve(sockets=sockets), loop_factory=self.config.get_loop_factory())
  File "/Users/macmini/Library/Python/3.9/lib/python/site-packages/uvicorn/config.py", line 497, in get_loop_factory
    return loop_factory(use_subprocess=self.use_subprocess)
  File "/Users/macmini/Library/Python/3.9/lib/python/site-packages/uvicorn/loops/auto.py", line 9, in auto_loop_factory
    import uvloop  # noqa
  File "<frozen importlib._bootstrap>", line 1007, in _find_and_load
  File "<frozen importlib._bootstrap>", line 982, in _find_and_load_unlocked
  File "<frozen importlib._bootstrap>", line 925, in _find_spec
  File "<frozen importlib._bootstrap_external>", line 1414, in find_spec
  File "<frozen importlib._bootstrap_external>", line 1383, in _get_spec
  File "<frozen importlib._bootstrap_external>", line 1347, in _path_importer_cache
PermissionError: [Errno 1] Operation not permitted
/Users/macmini/Library/Python/3.9/lib/python/site-packages/uvicorn/server.py:67: RuntimeWarning: coroutine 'Server.serve' was never awaited
  return asyncio_run(self.serve(sockets=sockets), loop_factory=self.config.get_loop_factory())
Traceback (most recent call last):
  File "/Applications/Xcode.app/Contents/Developer/Library/Frameworks/Python3.framework/Versions/3.9/lib/python3.9/runpy.py", line 197, in _run_module_as_main
    return _run_code(code, main_globals, None,
  File "/Applications/Xcode.app/Contents/Developer/Library/Frameworks/Python3.framework/Versions/3.9/lib/python3.9/runpy.py", line 87, in _run_code
    exec(code, run_globals)
  File "/Users/macmini/Library/Python/3.9/lib/python/site-packages/uvicorn/__main__.py", line 4, in <module>
    uvicorn.main()
  File "/Users/macmini/Library/Python/3.9/lib/python/site-packages/click/core.py", line 1161, in __call__
    return self.main(*args, **kwargs)
  File "/Users/macmini/Library/Python/3.9/lib/python/site-packages/click/core.py", line 1082, in main
    rv = self.invoke(ctx)
  File "/Users/macmini/Library/Python/3.9/lib/python/site-packages/click/core.py", line 1443, in invoke
    return ctx.invoke(self.callback, **ctx.params)
  File "/Users/macmini/Library/Python/3.9/lib/python/site-packages/click/core.py", line 788, in invoke
    return __callback(*args, **kwargs)
  File "/Users/macmini/Library/Python/3.9/lib/python/site-packages/uvicorn/main.py", line 423, in main
    run(
  File "/Users/macmini/Library/Python/3.9/lib/python/site-packages/uvicorn/main.py", line 593, in run
    server.run()
  File "/Users/macmini/Library/Python/3.9/lib/python/site-packages/uvicorn/server.py", line 67, in run
    return asyncio_run(self.serve(sockets=sockets), loop_factory=self.config.get_loop_factory())
  File "/Users/macmini/Library/Python/3.9/lib/python/site-packages/uvicorn/config.py", line 497, in get_loop_factory
    return loop_factory(use_subprocess=self.use_subprocess)
  File "/Users/macmini/Library/Python/3.9/lib/python/site-packages/uvicorn/loops/auto.py", line 9, in auto_loop_factory
    import uvloop  # noqa
  File "<frozen importlib._bootstrap>", line 1007, in _find_and_load
  File "<frozen importlib._bootstrap>", line 982, in _find_and_load_unlocked
  File "<frozen importlib._bootstrap>", line 925, in _find_spec
  File "<frozen importlib._bootstrap_external>", line 1414, in find_spec
  File "<frozen importlib._bootstrap_external>", line 1383, in _get_spec
  File "<frozen importlib._bootstrap_external>", line 1347, in _path_importer_cache
PermissionError: [Errno 1] Operation not permitted
/Users/macmini/Library/Python/3.9/lib/python/site-packages/uvicorn/server.py:67: RuntimeWarning: coroutine 'Server.serve' was never awaited
  return asyncio_run(self.serve(sockets=sockets), loop_factory=self.config.get_loop_factory())
Traceback (most recent call last):
  File "/Applications/Xcode.app/Contents/Developer/Library/Frameworks/Python3.framework/Versions/3.9/lib/python3.9/runpy.py", line 197, in _run_module_as_main
    return _run_code(code, main_globals, None,
  File "/Applications/Xcode.app/Contents/Developer/Library/Frameworks/Python3.framework/Versions/3.9/lib/python3.9/runpy.py", line 87, in _run_code
    exec(code, run_globals)
  File "/Users/macmini/Library/Python/3.9/lib/python/site-packages/uvicorn/__main__.py", line 4, in <module>
    uvicorn.main()
  File "/Users/macmini/Library/Python/3.9/lib/python/site-packages/click/core.py", line 1161, in __call__
    return self.main(*args, **kwargs)
  File "/Users/macmini/Library/Python/3.9/lib/python/site-packages/click/core.py", line 1082, in main
    rv = self.invoke(ctx)
  File "/Users/macmini/Library/Python/3.9/lib/python/site-packages/click/core.py", line 1443, in invoke
    return ctx.invoke(self.callback, **ctx.params)
  File "/Users/macmini/Library/Python/3.9/lib/python/site-packages/click/core.py", line 788, in invoke
    return __callback(*args, **kwargs)
  File "/Users/macmini/Library/Python/3.9/lib/python/site-packages/uvicorn/main.py", line 423, in main
    run(
  File "/Users/macmini/Library/Python/3.9/lib/python/site-packages/uvicorn/main.py", line 593, in run
    server.run()
  File "/Users/macmini/Library/Python/3.9/lib/python/site-packages/uvicorn/server.py", line 67, in run
    return asyncio_run(self.serve(sockets=sockets), loop_factory=self.config.get_loop_factory())
  File "/Users/macmini/Library/Python/3.9/lib/python/site-packages/uvicorn/config.py", line 497, in get_loop_factory
    return loop_factory(use_subprocess=self.use_subprocess)
  File "/Users/macmini/Library/Python/3.9/lib/python/site-packages/uvicorn/loops/auto.py", line 9, in auto_loop_factory
    import uvloop  # noqa
  File "<frozen importlib._bootstrap>", line 1007, in _find_and_load
  File "<frozen importlib._bootstrap>", line 982, in _find_and_load_unlocked
  File "<frozen importlib._bootstrap>", line 925, in _find_spec
  File "<frozen importlib._bootstrap_external>", line 1414, in find_spec
  File "<frozen importlib._bootstrap_external>", line 1383, in _get_spec
  File "<frozen importlib._bootstrap_external>", line 1347, in _path_importer_cache
PermissionError: [Errno 1] Operation not permitted
/Users/macmini/Library/Python/3.9/lib/python/site-packages/uvicorn/server.py:67: RuntimeWarning: coroutine 'Server.serve' was never awaited
  return asyncio_run(self.serve(sockets=sockets), loop_factory=self.config.get_loop_factory())
Traceback (most recent call last):
  File "/Applications/Xcode.app/Contents/Developer/Library/Frameworks/Python3.framework/Versions/3.9/lib/python3.9/runpy.py", line 197, in _run_module_as_main
    return _run_code(code, main_globals, None,
  File "/Applications/Xcode.app/Contents/Developer/Library/Frameworks/Python3.framework/Versions/3.9/lib/python3.9/runpy.py", line 87, in _run_code
    exec(code, run_globals)
  File "/Users/macmini/Library/Python/3.9/lib/python/site-packages/uvicorn/__main__.py", line 4, in <module>
    uvicorn.main()
  File "/Users/macmini/Library/Python/3.9/lib/python/site-packages/click/core.py", line 1161, in __call__
    return self.main(*args, **kwargs)
  File "/Users/macmini/Library/Python/3.9/lib/python/site-packages/click/core.py", line 1082, in main
    rv = self.invoke(ctx)
  File "/Users/macmini/Library/Python/3.9/lib/python/site-packages/click/core.py", line 1443, in invoke
    return ctx.invoke(self.callback, **ctx.params)
  File "/Users/macmini/Library/Python/3.9/lib/python/site-packages/click/core.py", line 788, in invoke
    return __callback(*args, **kwargs)
  File "/Users/macmini/Library/Python/3.9/lib/python/site-packages/uvicorn/main.py", line 423, in main
    run(
  File "/Users/macmini/Library/Python/3.9/lib/python/site-packages/uvicorn/main.py", line 593, in run
    server.run()
  File "/Users/macmini/Library/Python/3.9/lib/python/site-packages/uvicorn/server.py", line 67, in run
    return asyncio_run(self.serve(sockets=sockets), loop_factory=self.config.get_loop_factory())
  File "/Users/macmini/Library/Python/3.9/lib/python/site-packages/uvicorn/config.py", line 497, in get_loop_factory
    return loop_factory(use_subprocess=self.use_subprocess)
  File "/Users/macmini/Library/Python/3.9/lib/python/site-packages/uvicorn/loops/auto.py", line 9, in auto_loop_factory
    import uvloop  # noqa
  File "<frozen importlib._bootstrap>", line 1007, in _find_and_load
  File "<frozen importlib._bootstrap>", line 982, in _find_and_load_unlocked
  File "<frozen importlib._bootstrap>", line 925, in _find_spec
  File "<frozen importlib._bootstrap_external>", line 1414, in find_spec
  File "<frozen importlib._bootstrap_external>", line 1383, in _get_spec
  File "<frozen importlib._bootstrap_external>", line 1347, in _path_importer_cache
PermissionError: [Errno 1] Operation not permitted
Traceback (most recent call last):
  File "/Applications/Xcode.app/Contents/Developer/Library/Frameworks/Python3.framework/Versions/3.9/lib/python3.9/runpy.py", line 197, in _run_module_as_main
    return _run_code(code, main_globals, None,
  File "/Applications/Xcode.app/Contents/Developer/Library/Frameworks/Python3.framework/Versions/3.9/lib/python3.9/runpy.py", line 87, in _run_code
    exec(code, run_globals)
  File "/Users/macmini/Library/Python/3.9/lib/python/site-packages/uvicorn/__main__.py", line 4, in <module>
    uvicorn.main()
  File "/Users/macmini/Library/Python/3.9/lib/python/site-packages/click/core.py", line 1161, in __call__
    return self.main(*args, **kwargs)
  File "/Users/macmini/Library/Python/3.9/lib/python/site-packages/click/core.py", line 1082, in main
    rv = self.invoke(ctx)
  File "/Users/macmini/Library/Python/3.9/lib/python/site-packages/click/core.py", line 1443, in invoke
    return ctx.invoke(self.callback, **ctx.params)
  File "/Users/macmini/Library/Python/3.9/lib/python/site-packages/click/core.py", line 788, in invoke
    return __callback(*args, **kwargs)
  File "/Users/macmini/Library/Python/3.9/lib/python/site-packages/uvicorn/main.py", line 423, in main
    run(
  File "/Users/macmini/Library/Python/3.9/lib/python/site-packages/uvicorn/main.py", line 593, in run
    server.run()
  File "/Users/macmini/Library/Python/3.9/lib/python/site-packages/uvicorn/server.py", line 67, in run
    return asyncio_run(self.serve(sockets=sockets), loop_factory=self.config.get_loop_factory())
  File "/Users/macmini/Library/Python/3.9/lib/python/site-packages/uvicorn/_compat.py", line 60, in asyncio_run
    return loop.run_until_complete(main)
  File "/Applications/Xcode.app/Contents/Developer/Library/Frameworks/Python3.framework/Versions/3.9/lib/python3.9/asyncio/base_events.py", line 642, in run_until_complete
    return future.result()
  File "/Users/macmini/Library/Python/3.9/lib/python/site-packages/uvicorn/server.py", line 71, in serve
    await self._serve(sockets)
  File "/Users/macmini/Library/Python/3.9/lib/python/site-packages/uvicorn/server.py", line 78, in _serve
    config.load()
  File "/Users/macmini/Library/Python/3.9/lib/python/site-packages/uvicorn/config.py", line 425, in load
    http_protocol_class = import_from_string(HTTP_PROTOCOLS.get(self.http, self.http))
  File "/Users/macmini/Library/Python/3.9/lib/python/site-packages/uvicorn/importer.py", line 19, in import_from_string
    module = importlib.import_module(module_str)
  File "/Applications/Xcode.app/Contents/Developer/Library/Frameworks/Python3.framework/Versions/3.9/lib/python3.9/importlib/__init__.py", line 127, in import_module
    return _bootstrap._gcd_import(name[level:], package, level)
  File "<frozen importlib._bootstrap>", line 1030, in _gcd_import
  File "<frozen importlib._bootstrap>", line 1007, in _find_and_load
  File "<frozen importlib._bootstrap>", line 986, in _find_and_load_unlocked
  File "<frozen importlib._bootstrap>", line 680, in _load_unlocked
  File "<frozen importlib._bootstrap_external>", line 850, in exec_module
  File "<frozen importlib._bootstrap>", line 228, in _call_with_frames_removed
  File "/Users/macmini/Library/Python/3.9/lib/python/site-packages/uvicorn/protocols/http/auto.py", line 7, in <module>
    import httptools  # noqa
  File "<frozen importlib._bootstrap>", line 1007, in _find_and_load
  File "<frozen importlib._bootstrap>", line 982, in _find_and_load_unlocked
  File "<frozen importlib._bootstrap>", line 925, in _find_spec
  File "<frozen importlib._bootstrap_external>", line 1414, in find_spec
  File "<frozen importlib._bootstrap_external>", line 1383, in _get_spec
  File "<frozen importlib._bootstrap_external>", line 1347, in _path_importer_cache
PermissionError: [Errno 1] Operation not permitted
Traceback (most recent call last):
  File "/Applications/Xcode.app/Contents/Developer/Library/Frameworks/Python3.framework/Versions/3.9/lib/python3.9/runpy.py", line 197, in _run_module_as_main
    return _run_code(code, main_globals, None,
  File "/Applications/Xcode.app/Contents/Developer/Library/Frameworks/Python3.framework/Versions/3.9/lib/python3.9/runpy.py", line 87, in _run_code
    exec(code, run_globals)
  File "/Users/macmini/Library/Python/3.9/lib/python/site-packages/uvicorn/__main__.py", line 4, in <module>
    uvicorn.main()
  File "/Users/macmini/Library/Python/3.9/lib/python/site-packages/click/core.py", line 1161, in __call__
    return self.main(*args, **kwargs)
  File "/Users/macmini/Library/Python/3.9/lib/python/site-packages/click/core.py", line 1082, in main
    rv = self.invoke(ctx)
  File "/Users/macmini/Library/Python/3.9/lib/python/site-packages/click/core.py", line 1443, in invoke
    return ctx.invoke(self.callback, **ctx.params)
  File "/Users/macmini/Library/Python/3.9/lib/python/site-packages/click/core.py", line 788, in invoke
    return __callback(*args, **kwargs)
  File "/Users/macmini/Library/Python/3.9/lib/python/site-packages/uvicorn/main.py", line 423, in main
    run(
  File "/Users/macmini/Library/Python/3.9/lib/python/site-packages/uvicorn/main.py", line 593, in run
    server.run()
  File "/Users/macmini/Library/Python/3.9/lib/python/site-packages/uvicorn/server.py", line 67, in run
    return asyncio_run(self.serve(sockets=sockets), loop_factory=self.config.get_loop_factory())
  File "/Users/macmini/Library/Python/3.9/lib/python/site-packages/uvicorn/_compat.py", line 60, in asyncio_run
    return loop.run_until_complete(main)
  File "/Applications/Xcode.app/Contents/Developer/Library/Frameworks/Python3.framework/Versions/3.9/lib/python3.9/asyncio/base_events.py", line 642, in run_until_complete
    return future.result()
  File "/Users/macmini/Library/Python/3.9/lib/python/site-packages/uvicorn/server.py", line 71, in serve
    await self._serve(sockets)
  File "/Users/macmini/Library/Python/3.9/lib/python/site-packages/uvicorn/server.py", line 78, in _serve
    config.load()
  File "/Users/macmini/Library/Python/3.9/lib/python/site-packages/uvicorn/config.py", line 425, in load
    http_protocol_class = import_from_string(HTTP_PROTOCOLS.get(self.http, self.http))
  File "/Users/macmini/Library/Python/3.9/lib/python/site-packages/uvicorn/importer.py", line 19, in import_from_string
    module = importlib.import_module(module_str)
  File "/Applications/Xcode.app/Contents/Developer/Library/Frameworks/Python3.framework/Versions/3.9/lib/python3.9/importlib/__init__.py", line 127, in import_module
    return _bootstrap._gcd_import(name[level:], package, level)
  File "<frozen importlib._bootstrap>", line 1030, in _gcd_import
  File "<frozen importlib._bootstrap>", line 1007, in _find_and_load
  File "<frozen importlib._bootstrap>", line 986, in _find_and_load_unlocked
  File "<frozen importlib._bootstrap>", line 680, in _load_unlocked
  File "<frozen importlib._bootstrap_external>", line 850, in exec_module
  File "<frozen importlib._bootstrap>", line 228, in _call_with_frames_removed
  File "/Users/macmini/Library/Python/3.9/lib/python/site-packages/uvicorn/protocols/http/auto.py", line 7, in <module>
    import httptools  # noqa
  File "<frozen importlib._bootstrap>", line 1007, in _find_and_load
  File "<frozen importlib._bootstrap>", line 982, in _find_and_load_unlocked
  File "<frozen importlib._bootstrap>", line 925, in _find_spec
  File "<frozen importlib._bootstrap_external>", line 1414, in find_spec
  File "<frozen importlib._bootstrap_external>", line 1383, in _get_spec
  File "<frozen importlib._bootstrap_external>", line 1347, in _path_importer_cache
PermissionError: [Errno 1] Operation not permitted
Traceback (most recent call last):
  File "/Applications/Xcode.app/Contents/Developer/Library/Frameworks/Python3.framework/Versions/3.9/lib/python3.9/runpy.py", line 197, in _run_module_as_main
    return _run_code(code, main_globals, None,
  File "/Applications/Xcode.app/Contents/Developer/Library/Frameworks/Python3.framework/Versions/3.9/lib/python3.9/runpy.py", line 87, in _run_code
    exec(code, run_globals)
  File "/Users/macmini/Library/Python/3.9/lib/python/site-packages/uvicorn/__main__.py", line 4, in <module>
    uvicorn.main()
  File "/Users/macmini/Library/Python/3.9/lib/python/site-packages/click/core.py", line 1161, in __call__
    return self.main(*args, **kwargs)
  File "/Users/macmini/Library/Python/3.9/lib/python/site-packages/click/core.py", line 1082, in main
    rv = self.invoke(ctx)
  File "/Users/macmini/Library/Python/3.9/lib/python/site-packages/click/core.py", line 1443, in invoke
    return ctx.invoke(self.callback, **ctx.params)
  File "/Users/macmini/Library/Python/3.9/lib/python/site-packages/click/core.py", line 788, in invoke
    return __callback(*args, **kwargs)
  File "/Users/macmini/Library/Python/3.9/lib/python/site-packages/uvicorn/main.py", line 423, in main
    run(
  File "/Users/macmini/Library/Python/3.9/lib/python/site-packages/uvicorn/main.py", line 593, in run
    server.run()
  File "/Users/macmini/Library/Python/3.9/lib/python/site-packages/uvicorn/server.py", line 67, in run
    return asyncio_run(self.serve(sockets=sockets), loop_factory=self.config.get_loop_factory())
  File "/Users/macmini/Library/Python/3.9/lib/python/site-packages/uvicorn/_compat.py", line 60, in asyncio_run
    return loop.run_until_complete(main)
  File "/Applications/Xcode.app/Contents/Developer/Library/Frameworks/Python3.framework/Versions/3.9/lib/python3.9/asyncio/base_events.py", line 642, in run_until_complete
    return future.result()
  File "/Users/macmini/Library/Python/3.9/lib/python/site-packages/uvicorn/server.py", line 71, in serve
    await self._serve(sockets)
  File "/Users/macmini/Library/Python/3.9/lib/python/site-packages/uvicorn/server.py", line 78, in _serve
    config.load()
  File "/Users/macmini/Library/Python/3.9/lib/python/site-packages/uvicorn/config.py", line 425, in load
    http_protocol_class = import_from_string(HTTP_PROTOCOLS.get(self.http, self.http))
  File "/Users/macmini/Library/Python/3.9/lib/python/site-packages/uvicorn/importer.py", line 19, in import_from_string
    module = importlib.import_module(module_str)
  File "/Applications/Xcode.app/Contents/Developer/Library/Frameworks/Python3.framework/Versions/3.9/lib/python3.9/importlib/__init__.py", line 127, in import_module
    return _bootstrap._gcd_import(name[level:], package, level)
  File "<frozen importlib._bootstrap>", line 1030, in _gcd_import
  File "<frozen importlib._bootstrap>", line 1007, in _find_and_load
  File "<frozen importlib._bootstrap>", line 986, in _find_and_load_unlocked
  File "<frozen importlib._bootstrap>", line 680, in _load_unlocked
  File "<frozen importlib._bootstrap_external>", line 850, in exec_module
  File "<frozen importlib._bootstrap>", line 228, in _call_with_frames_removed
  File "/Users/macmini/Library/Python/3.9/lib/python/site-packages/uvicorn/protocols/http/auto.py", line 7, in <module>
    import httptools  # noqa
  File "<frozen importlib._bootstrap>", line 1007, in _find_and_load
  File "<frozen importlib._bootstrap>", line 982, in _find_and_load_unlocked
  File "<frozen importlib._bootstrap>", line 925, in _find_spec
  File "<frozen importlib._bootstrap_external>", line 1414, in find_spec
  File "<frozen importlib._bootstrap_external>", line 1383, in _get_spec
  File "<frozen importlib._bootstrap_external>", line 1347, in _path_importer_cache
PermissionError: [Errno 1] Operation not permitted
Traceback (most recent call last):
  File "/Applications/Xcode.app/Contents/Developer/Library/Frameworks/Python3.framework/Versions/3.9/lib/python3.9/runpy.py", line 197, in _run_module_as_main
    return _run_code(code, main_globals, None,
  File "/Applications/Xcode.app/Contents/Developer/Library/Frameworks/Python3.framework/Versions/3.9/lib/python3.9/runpy.py", line 87, in _run_code
    exec(code, run_globals)
  File "/Users/macmini/Library/Python/3.9/lib/python/site-packages/uvicorn/__main__.py", line 4, in <module>
    uvicorn.main()
  File "/Users/macmini/Library/Python/3.9/lib/python/site-packages/click/core.py", line 1161, in __call__
    return self.main(*args, **kwargs)
  File "/Users/macmini/Library/Python/3.9/lib/python/site-packages/click/core.py", line 1082, in main
    rv = self.invoke(ctx)
  File "/Users/macmini/Library/Python/3.9/lib/python/site-packages/click/core.py", line 1443, in invoke
    return ctx.invoke(self.callback, **ctx.params)
  File "/Users/macmini/Library/Python/3.9/lib/python/site-packages/click/core.py", line 788, in invoke
    return __callback(*args, **kwargs)
  File "/Users/macmini/Library/Python/3.9/lib/python/site-packages/uvicorn/main.py", line 423, in main
    run(
  File "/Users/macmini/Library/Python/3.9/lib/python/site-packages/uvicorn/main.py", line 593, in run
    server.run()
  File "/Users/macmini/Library/Python/3.9/lib/python/site-packages/uvicorn/server.py", line 67, in run
    return asyncio_run(self.serve(sockets=sockets), loop_factory=self.config.get_loop_factory())
  File "/Users/macmini/Library/Python/3.9/lib/python/site-packages/uvicorn/_compat.py", line 60, in asyncio_run
    return loop.run_until_complete(main)
  File "/Applications/Xcode.app/Contents/Developer/Library/Frameworks/Python3.framework/Versions/3.9/lib/python3.9/asyncio/base_events.py", line 642, in run_until_complete
    return future.result()
  File "/Users/macmini/Library/Python/3.9/lib/python/site-packages/uvicorn/server.py", line 71, in serve
    await self._serve(sockets)
  File "/Users/macmini/Library/Python/3.9/lib/python/site-packages/uvicorn/server.py", line 78, in _serve
    config.load()
  File "/Users/macmini/Library/Python/3.9/lib/python/site-packages/uvicorn/config.py", line 425, in load
    http_protocol_class = import_from_string(HTTP_PROTOCOLS.get(self.http, self.http))
  File "/Users/macmini/Library/Python/3.9/lib/python/site-packages/uvicorn/importer.py", line 19, in import_from_string
    module = importlib.import_module(module_str)
  File "/Applications/Xcode.app/Contents/Developer/Library/Frameworks/Python3.framework/Versions/3.9/lib/python3.9/importlib/__init__.py", line 127, in import_module
    return _bootstrap._gcd_import(name[level:], package, level)
  File "<frozen importlib._bootstrap>", line 1030, in _gcd_import
  File "<frozen importlib._bootstrap>", line 1007, in _find_and_load
  File "<frozen importlib._bootstrap>", line 986, in _find_and_load_unlocked
  File "<frozen importlib._bootstrap>", line 680, in _load_unlocked
  File "<frozen importlib._bootstrap_external>", line 850, in exec_module
  File "<frozen importlib._bootstrap>", line 228, in _call_with_frames_removed
  File "/Users/macmini/Library/Python/3.9/lib/python/site-packages/uvicorn/protocols/http/auto.py", line 7, in <module>
    import httptools  # noqa
  File "<frozen importlib._bootstrap>", line 1007, in _find_and_load
  File "<frozen importlib._bootstrap>", line 982, in _find_and_load_unlocked
  File "<frozen importlib._bootstrap>", line 925, in _find_spec
  File "<frozen importlib._bootstrap_external>", line 1414, in find_spec
  File "<frozen importlib._bootstrap_external>", line 1383, in _get_spec
  File "<frozen importlib._bootstrap_external>", line 1347, in _path_importer_cache
PermissionError: [Errno 1] Operation not permitted
Traceback (most recent call last):
  File "/Applications/Xcode.app/Contents/Developer/Library/Frameworks/Python3.framework/Versions/3.9/lib/python3.9/runpy.py", line 197, in _run_module_as_main
    return _run_code(code, main_globals, None,
  File "/Applications/Xcode.app/Contents/Developer/Library/Frameworks/Python3.framework/Versions/3.9/lib/python3.9/runpy.py", line 87, in _run_code
    exec(code, run_globals)
  File "/Users/macmini/Library/Python/3.9/lib/python/site-packages/uvicorn/__main__.py", line 4, in <module>
    uvicorn.main()
  File "/Users/macmini/Library/Python/3.9/lib/python/site-packages/click/core.py", line 1161, in __call__
    return self.main(*args, **kwargs)
  File "/Users/macmini/Library/Python/3.9/lib/python/site-packages/click/core.py", line 1082, in main
    rv = self.invoke(ctx)
  File "/Users/macmini/Library/Python/3.9/lib/python/site-packages/click/core.py", line 1443, in invoke
    return ctx.invoke(self.callback, **ctx.params)
  File "/Users/macmini/Library/Python/3.9/lib/python/site-packages/click/core.py", line 788, in invoke
    return __callback(*args, **kwargs)
  File "/Users/macmini/Library/Python/3.9/lib/python/site-packages/uvicorn/main.py", line 423, in main
    run(
  File "/Users/macmini/Library/Python/3.9/lib/python/site-packages/uvicorn/main.py", line 593, in run
    server.run()
  File "/Users/macmini/Library/Python/3.9/lib/python/site-packages/uvicorn/server.py", line 67, in run
    return asyncio_run(self.serve(sockets=sockets), loop_factory=self.config.get_loop_factory())
  File "/Users/macmini/Library/Python/3.9/lib/python/site-packages/uvicorn/_compat.py", line 60, in asyncio_run
    return loop.run_until_complete(main)
  File "/Applications/Xcode.app/Contents/Developer/Library/Frameworks/Python3.framework/Versions/3.9/lib/python3.9/asyncio/base_events.py", line 642, in run_until_complete
    return future.result()
  File "/Users/macmini/Library/Python/3.9/lib/python/site-packages/uvicorn/server.py", line 71, in serve
    await self._serve(sockets)
  File "/Users/macmini/Library/Python/3.9/lib/python/site-packages/uvicorn/server.py", line 78, in _serve
    config.load()
  File "/Users/macmini/Library/Python/3.9/lib/python/site-packages/uvicorn/config.py", line 425, in load
    http_protocol_class = import_from_string(HTTP_PROTOCOLS.get(self.http, self.http))
  File "/Users/macmini/Library/Python/3.9/lib/python/site-packages/uvicorn/importer.py", line 19, in import_from_string
    module = importlib.import_module(module_str)
  File "/Applications/Xcode.app/Contents/Developer/Library/Frameworks/Python3.framework/Versions/3.9/lib/python3.9/importlib/__init__.py", line 127, in import_module
    return _bootstrap._gcd_import(name[level:], package, level)
  File "<frozen importlib._bootstrap>", line 1030, in _gcd_import
  File "<frozen importlib._bootstrap>", line 1007, in _find_and_load
  File "<frozen importlib._bootstrap>", line 986, in _find_and_load_unlocked
  File "<frozen importlib._bootstrap>", line 680, in _load_unlocked
  File "<frozen importlib._bootstrap_external>", line 850, in exec_module
  File "<frozen importlib._bootstrap>", line 228, in _call_with_frames_removed
  File "/Users/macmini/Library/Python/3.9/lib/python/site-packages/uvicorn/protocols/http/auto.py", line 7, in <module>
    import httptools  # noqa
  File "<frozen importlib._bootstrap>", line 1007, in _find_and_load
  File "<frozen importlib._bootstrap>", line 982, in _find_and_load_unlocked
  File "<frozen importlib._bootstrap>", line 925, in _find_spec
  File "<frozen importlib._bootstrap_external>", line 1414, in find_spec
  File "<frozen importlib._bootstrap_external>", line 1383, in _get_spec
  File "<frozen importlib._bootstrap_external>", line 1347, in _path_importer_cache
PermissionError: [Errno 1] Operation not permitted
Traceback (most recent call last):
  File "/Applications/Xcode.app/Contents/Developer/Library/Frameworks/Python3.framework/Versions/3.9/lib/python3.9/runpy.py", line 197, in _run_module_as_main
    return _run_code(code, main_globals, None,
  File "/Applications/Xcode.app/Contents/Developer/Library/Frameworks/Python3.framework/Versions/3.9/lib/python3.9/runpy.py", line 87, in _run_code
    exec(code, run_globals)
  File "/Users/macmini/Library/Python/3.9/lib/python/site-packages/uvicorn/__main__.py", line 4, in <module>
    uvicorn.main()
  File "/Users/macmini/Library/Python/3.9/lib/python/site-packages/click/core.py", line 1161, in __call__
    return self.main(*args, **kwargs)
  File "/Users/macmini/Library/Python/3.9/lib/python/site-packages/click/core.py", line 1082, in main
    rv = self.invoke(ctx)
  File "/Users/macmini/Library/Python/3.9/lib/python/site-packages/click/core.py", line 1443, in invoke
    return ctx.invoke(self.callback, **ctx.params)
  File "/Users/macmini/Library/Python/3.9/lib/python/site-packages/click/core.py", line 788, in invoke
    return __callback(*args, **kwargs)
  File "/Users/macmini/Library/Python/3.9/lib/python/site-packages/uvicorn/main.py", line 423, in main
    run(
  File "/Users/macmini/Library/Python/3.9/lib/python/site-packages/uvicorn/main.py", line 593, in run
    server.run()
  File "/Users/macmini/Library/Python/3.9/lib/python/site-packages/uvicorn/server.py", line 67, in run
    return asyncio_run(self.serve(sockets=sockets), loop_factory=self.config.get_loop_factory())
  File "/Users/macmini/Library/Python/3.9/lib/python/site-packages/uvicorn/_compat.py", line 60, in asyncio_run
    return loop.run_until_complete(main)
  File "/Applications/Xcode.app/Contents/Developer/Library/Frameworks/Python3.framework/Versions/3.9/lib/python3.9/asyncio/base_events.py", line 642, in run_until_complete
    return future.result()
  File "/Users/macmini/Library/Python/3.9/lib/python/site-packages/uvicorn/server.py", line 71, in serve
    await self._serve(sockets)
  File "/Users/macmini/Library/Python/3.9/lib/python/site-packages/uvicorn/server.py", line 78, in _serve
    config.load()
  File "/Users/macmini/Library/Python/3.9/lib/python/site-packages/uvicorn/config.py", line 425, in load
    http_protocol_class = import_from_string(HTTP_PROTOCOLS.get(self.http, self.http))
  File "/Users/macmini/Library/Python/3.9/lib/python/site-packages/uvicorn/importer.py", line 19, in import_from_string
    module = importlib.import_module(module_str)
  File "/Applications/Xcode.app/Contents/Developer/Library/Frameworks/Python3.framework/Versions/3.9/lib/python3.9/importlib/__init__.py", line 127, in import_module
    return _bootstrap._gcd_import(name[level:], package, level)
  File "<frozen importlib._bootstrap>", line 1030, in _gcd_import
  File "<frozen importlib._bootstrap>", line 1007, in _find_and_load
  File "<frozen importlib._bootstrap>", line 986, in _find_and_load_unlocked
  File "<frozen importlib._bootstrap>", line 680, in _load_unlocked
  File "<frozen importlib._bootstrap_external>", line 850, in exec_module
  File "<frozen importlib._bootstrap>", line 228, in _call_with_frames_removed
  File "/Users/macmini/Library/Python/3.9/lib/python/site-packages/uvicorn/protocols/http/auto.py", line 7, in <module>
    import httptools  # noqa
  File "<frozen importlib._bootstrap>", line 1007, in _find_and_load
  File "<frozen importlib._bootstrap>", line 982, in _find_and_load_unlocked
  File "<frozen importlib._bootstrap>", line 925, in _find_spec
  File "<frozen importlib._bootstrap_external>", line 1414, in find_spec
  File "<frozen importlib._bootstrap_external>", line 1383, in _get_spec
  File "<frozen importlib._bootstrap_external>", line 1347, in _path_importer_cache
PermissionError: [Errno 1] Operation not permitted
Traceback (most recent call last):
  File "/Applications/Xcode.app/Contents/Developer/Library/Frameworks/Python3.framework/Versions/3.9/lib/python3.9/runpy.py", line 197, in _run_module_as_main
    return _run_code(code, main_globals, None,
  File "/Applications/Xcode.app/Contents/Developer/Library/Frameworks/Python3.framework/Versions/3.9/lib/python3.9/runpy.py", line 87, in _run_code
    exec(code, run_globals)
  File "/Users/macmini/Library/Python/3.9/lib/python/site-packages/uvicorn/__main__.py", line 4, in <module>
    uvicorn.main()
  File "/Users/macmini/Library/Python/3.9/lib/python/site-packages/click/core.py", line 1161, in __call__
    return self.main(*args, **kwargs)
  File "/Users/macmini/Library/Python/3.9/lib/python/site-packages/click/core.py", line 1082, in main
    rv = self.invoke(ctx)
  File "/Users/macmini/Library/Python/3.9/lib/python/site-packages/click/core.py", line 1443, in invoke
    return ctx.invoke(self.callback, **ctx.params)
  File "/Users/macmini/Library/Python/3.9/lib/python/site-packages/click/core.py", line 788, in invoke
    return __callback(*args, **kwargs)
  File "/Users/macmini/Library/Python/3.9/lib/python/site-packages/uvicorn/main.py", line 423, in main
    run(
  File "/Users/macmini/Library/Python/3.9/lib/python/site-packages/uvicorn/main.py", line 593, in run
    server.run()
  File "/Users/macmini/Library/Python/3.9/lib/python/site-packages/uvicorn/server.py", line 67, in run
    return asyncio_run(self.serve(sockets=sockets), loop_factory=self.config.get_loop_factory())
  File "/Users/macmini/Library/Python/3.9/lib/python/site-packages/uvicorn/_compat.py", line 60, in asyncio_run
    return loop.run_until_complete(main)
  File "/Applications/Xcode.app/Contents/Developer/Library/Frameworks/Python3.framework/Versions/3.9/lib/python3.9/asyncio/base_events.py", line 642, in run_until_complete
    return future.result()
  File "/Users/macmini/Library/Python/3.9/lib/python/site-packages/uvicorn/server.py", line 71, in serve
    await self._serve(sockets)
  File "/Users/macmini/Library/Python/3.9/lib/python/site-packages/uvicorn/server.py", line 78, in _serve
    config.load()
  File "/Users/macmini/Library/Python/3.9/lib/python/site-packages/uvicorn/config.py", line 425, in load
    http_protocol_class = import_from_string(HTTP_PROTOCOLS.get(self.http, self.http))
  File "/Users/macmini/Library/Python/3.9/lib/python/site-packages/uvicorn/importer.py", line 19, in import_from_string
    module = importlib.import_module(module_str)
  File "/Applications/Xcode.app/Contents/Developer/Library/Frameworks/Python3.framework/Versions/3.9/lib/python3.9/importlib/__init__.py", line 127, in import_module
    return _bootstrap._gcd_import(name[level:], package, level)
  File "<frozen importlib._bootstrap>", line 1030, in _gcd_import
  File "<frozen importlib._bootstrap>", line 1007, in _find_and_load
  File "<frozen importlib._bootstrap>", line 986, in _find_and_load_unlocked
  File "<frozen importlib._bootstrap>", line 680, in _load_unlocked
  File "<frozen importlib._bootstrap_external>", line 850, in exec_module
  File "<frozen importlib._bootstrap>", line 228, in _call_with_frames_removed
  File "/Users/macmini/Library/Python/3.9/lib/python/site-packages/uvicorn/protocols/http/auto.py", line 7, in <module>
    import httptools  # noqa
  File "<frozen importlib._bootstrap>", line 1007, in _find_and_load
  File "<frozen importlib._bootstrap>", line 982, in _find_and_load_unlocked
  File "<frozen importlib._bootstrap>", line 925, in _find_spec
  File "<frozen importlib._bootstrap_external>", line 1414, in find_spec
  File "<frozen importlib._bootstrap_external>", line 1383, in _get_spec
  File "<frozen importlib._bootstrap_external>", line 1347, in _path_importer_cache
PermissionError: [Errno 1] Operation not permitted
Traceback (most recent call last):
  File "/Applications/Xcode.app/Contents/Developer/Library/Frameworks/Python3.framework/Versions/3.9/lib/python3.9/runpy.py", line 197, in _run_module_as_main
    return _run_code(code, main_globals, None,
  File "/Applications/Xcode.app/Contents/Developer/Library/Frameworks/Python3.framework/Versions/3.9/lib/python3.9/runpy.py", line 87, in _run_code
    exec(code, run_globals)
  File "/Users/macmini/Library/Python/3.9/lib/python/site-packages/uvicorn/__main__.py", line 4, in <module>
    uvicorn.main()
  File "/Users/macmini/Library/Python/3.9/lib/python/site-packages/click/core.py", line 1161, in __call__
    return self.main(*args, **kwargs)
  File "/Users/macmini/Library/Python/3.9/lib/python/site-packages/click/core.py", line 1082, in main
    rv = self.invoke(ctx)
  File "/Users/macmini/Library/Python/3.9/lib/python/site-packages/click/core.py", line 1443, in invoke
    return ctx.invoke(self.callback, **ctx.params)
  File "/Users/macmini/Library/Python/3.9/lib/python/site-packages/click/core.py", line 788, in invoke
    return __callback(*args, **kwargs)
  File "/Users/macmini/Library/Python/3.9/lib/python/site-packages/uvicorn/main.py", line 423, in main
    run(
  File "/Users/macmini/Library/Python/3.9/lib/python/site-packages/uvicorn/main.py", line 593, in run
    server.run()
  File "/Users/macmini/Library/Python/3.9/lib/python/site-packages/uvicorn/server.py", line 67, in run
    return asyncio_run(self.serve(sockets=sockets), loop_factory=self.config.get_loop_factory())
  File "/Users/macmini/Library/Python/3.9/lib/python/site-packages/uvicorn/_compat.py", line 60, in asyncio_run
    return loop.run_until_complete(main)
  File "/Applications/Xcode.app/Contents/Developer/Library/Frameworks/Python3.framework/Versions/3.9/lib/python3.9/asyncio/base_events.py", line 642, in run_until_complete
    return future.result()
  File "/Users/macmini/Library/Python/3.9/lib/python/site-packages/uvicorn/server.py", line 71, in serve
    await self._serve(sockets)
  File "/Users/macmini/Library/Python/3.9/lib/python/site-packages/uvicorn/server.py", line 78, in _serve
    config.load()
  File "/Users/macmini/Library/Python/3.9/lib/python/site-packages/uvicorn/config.py", line 425, in load
    http_protocol_class = import_from_string(HTTP_PROTOCOLS.get(self.http, self.http))
  File "/Users/macmini/Library/Python/3.9/lib/python/site-packages/uvicorn/importer.py", line 19, in import_from_string
    module = importlib.import_module(module_str)
  File "/Applications/Xcode.app/Contents/Developer/Library/Frameworks/Python3.framework/Versions/3.9/lib/python3.9/importlib/__init__.py", line 127, in import_module
    return _bootstrap._gcd_import(name[level:], package, level)
  File "<frozen importlib._bootstrap>", line 1030, in _gcd_import
  File "<frozen importlib._bootstrap>", line 1007, in _find_and_load
  File "<frozen importlib._bootstrap>", line 986, in _find_and_load_unlocked
  File "<frozen importlib._bootstrap>", line 680, in _load_unlocked
  File "<frozen importlib._bootstrap_external>", line 850, in exec_module
  File "<frozen importlib._bootstrap>", line 228, in _call_with_frames_removed
  File "/Users/macmini/Library/Python/3.9/lib/python/site-packages/uvicorn/protocols/http/auto.py", line 7, in <module>
    import httptools  # noqa
  File "<frozen importlib._bootstrap>", line 1007, in _find_and_load
  File "<frozen importlib._bootstrap>", line 982, in _find_and_load_unlocked
  File "<frozen importlib._bootstrap>", line 925, in _find_spec
  File "<frozen importlib._bootstrap_external>", line 1414, in find_spec
  File "<frozen importlib._bootstrap_external>", line 1383, in _get_spec
  File "<frozen importlib._bootstrap_external>", line 1347, in _path_importer_cache
PermissionError: [Errno 1] Operation not permitted
Traceback (most recent call last):
  File "/Applications/Xcode.app/Contents/Developer/Library/Frameworks/Python3.framework/Versions/3.9/lib/python3.9/runpy.py", line 197, in _run_module_as_main
    return _run_code(code, main_globals, None,
  File "/Applications/Xcode.app/Contents/Developer/Library/Frameworks/Python3.framework/Versions/3.9/lib/python3.9/runpy.py", line 87, in _run_code
    exec(code, run_globals)
  File "/Users/macmini/Library/Python/3.9/lib/python/site-packages/uvicorn/__main__.py", line 4, in <module>
    uvicorn.main()
  File "/Users/macmini/Library/Python/3.9/lib/python/site-packages/click/core.py", line 1161, in __call__
    return self.main(*args, **kwargs)
  File "/Users/macmini/Library/Python/3.9/lib/python/site-packages/click/core.py", line 1082, in main
    rv = self.invoke(ctx)
  File "/Users/macmini/Library/Python/3.9/lib/python/site-packages/click/core.py", line 1443, in invoke
    return ctx.invoke(self.callback, **ctx.params)
  File "/Users/macmini/Library/Python/3.9/lib/python/site-packages/click/core.py", line 788, in invoke
    return __callback(*args, **kwargs)
  File "/Users/macmini/Library/Python/3.9/lib/python/site-packages/uvicorn/main.py", line 423, in main
    run(
  File "/Users/macmini/Library/Python/3.9/lib/python/site-packages/uvicorn/main.py", line 593, in run
    server.run()
  File "/Users/macmini/Library/Python/3.9/lib/python/site-packages/uvicorn/server.py", line 67, in run
    return asyncio_run(self.serve(sockets=sockets), loop_factory=self.config.get_loop_factory())
  File "/Users/macmini/Library/Python/3.9/lib/python/site-packages/uvicorn/_compat.py", line 60, in asyncio_run
    return loop.run_until_complete(main)
  File "/Applications/Xcode.app/Contents/Developer/Library/Frameworks/Python3.framework/Versions/3.9/lib/python3.9/asyncio/base_events.py", line 642, in run_until_complete
    return future.result()
  File "/Users/macmini/Library/Python/3.9/lib/python/site-packages/uvicorn/server.py", line 71, in serve
    await self._serve(sockets)
  File "/Users/macmini/Library/Python/3.9/lib/python/site-packages/uvicorn/server.py", line 78, in _serve
    config.load()
  File "/Users/macmini/Library/Python/3.9/lib/python/site-packages/uvicorn/config.py", line 425, in load
    http_protocol_class = import_from_string(HTTP_PROTOCOLS.get(self.http, self.http))
  File "/Users/macmini/Library/Python/3.9/lib/python/site-packages/uvicorn/importer.py", line 19, in import_from_string
    module = importlib.import_module(module_str)
  File "/Applications/Xcode.app/Contents/Developer/Library/Frameworks/Python3.framework/Versions/3.9/lib/python3.9/importlib/__init__.py", line 127, in import_module
    return _bootstrap._gcd_import(name[level:], package, level)
  File "<frozen importlib._bootstrap>", line 1030, in _gcd_import
  File "<frozen importlib._bootstrap>", line 1007, in _find_and_load
  File "<frozen importlib._bootstrap>", line 986, in _find_and_load_unlocked
  File "<frozen importlib._bootstrap>", line 680, in _load_unlocked
  File "<frozen importlib._bootstrap_external>", line 850, in exec_module
  File "<frozen importlib._bootstrap>", line 228, in _call_with_frames_removed
  File "/Users/macmini/Library/Python/3.9/lib/python/site-packages/uvicorn/protocols/http/auto.py", line 7, in <module>
    import httptools  # noqa
  File "<frozen importlib._bootstrap>", line 1007, in _find_and_load
  File "<frozen importlib._bootstrap>", line 982, in _find_and_load_unlocked
  File "<frozen importlib._bootstrap>", line 925, in _find_spec
  File "<frozen importlib._bootstrap_external>", line 1414, in find_spec
  File "<frozen importlib._bootstrap_external>", line 1383, in _get_spec
  File "<frozen importlib._bootstrap_external>", line 1347, in _path_importer_cache
PermissionError: [Errno 1] Operation not permitted
Traceback (most recent call last):
  File "/Applications/Xcode.app/Contents/Developer/Library/Frameworks/Python3.framework/Versions/3.9/lib/python3.9/runpy.py", line 197, in _run_module_as_main
    return _run_code(code, main_globals, None,
  File "/Applications/Xcode.app/Contents/Developer/Library/Frameworks/Python3.framework/Versions/3.9/lib/python3.9/runpy.py", line 87, in _run_code
    exec(code, run_globals)
  File "/Users/macmini/Library/Python/3.9/lib/python/site-packages/uvicorn/__main__.py", line 4, in <module>
    uvicorn.main()
  File "/Users/macmini/Library/Python/3.9/lib/python/site-packages/click/core.py", line 1161, in __call__
    return self.main(*args, **kwargs)
  File "/Users/macmini/Library/Python/3.9/lib/python/site-packages/click/core.py", line 1082, in main
    rv = self.invoke(ctx)
  File "/Users/macmini/Library/Python/3.9/lib/python/site-packages/click/core.py", line 1443, in invoke
    return ctx.invoke(self.callback, **ctx.params)
  File "/Users/macmini/Library/Python/3.9/lib/python/site-packages/click/core.py", line 788, in invoke
    return __callback(*args, **kwargs)
  File "/Users/macmini/Library/Python/3.9/lib/python/site-packages/uvicorn/main.py", line 423, in main
    run(
  File "/Users/macmini/Library/Python/3.9/lib/python/site-packages/uvicorn/main.py", line 593, in run
    server.run()
  File "/Users/macmini/Library/Python/3.9/lib/python/site-packages/uvicorn/server.py", line 67, in run
    return asyncio_run(self.serve(sockets=sockets), loop_factory=self.config.get_loop_factory())
  File "/Users/macmini/Library/Python/3.9/lib/python/site-packages/uvicorn/_compat.py", line 60, in asyncio_run
    return loop.run_until_complete(main)
  File "/Applications/Xcode.app/Contents/Developer/Library/Frameworks/Python3.framework/Versions/3.9/lib/python3.9/asyncio/base_events.py", line 642, in run_until_complete
    return future.result()
  File "/Users/macmini/Library/Python/3.9/lib/python/site-packages/uvicorn/server.py", line 71, in serve
    await self._serve(sockets)
  File "/Users/macmini/Library/Python/3.9/lib/python/site-packages/uvicorn/server.py", line 78, in _serve
    config.load()
  File "/Users/macmini/Library/Python/3.9/lib/python/site-packages/uvicorn/config.py", line 425, in load
    http_protocol_class = import_from_string(HTTP_PROTOCOLS.get(self.http, self.http))
  File "/Users/macmini/Library/Python/3.9/lib/python/site-packages/uvicorn/importer.py", line 19, in import_from_string
    module = importlib.import_module(module_str)
  File "/Applications/Xcode.app/Contents/Developer/Library/Frameworks/Python3.framework/Versions/3.9/lib/python3.9/importlib/__init__.py", line 127, in import_module
    return _bootstrap._gcd_import(name[level:], package, level)
  File "<frozen importlib._bootstrap>", line 1030, in _gcd_import
  File "<frozen importlib._bootstrap>", line 1007, in _find_and_load
  File "<frozen importlib._bootstrap>", line 986, in _find_and_load_unlocked
  File "<frozen importlib._bootstrap>", line 680, in _load_unlocked
  File "<frozen importlib._bootstrap_external>", line 850, in exec_module
  File "<frozen importlib._bootstrap>", line 228, in _call_with_frames_removed
  File "/Users/macmini/Library/Python/3.9/lib/python/site-packages/uvicorn/protocols/http/auto.py", line 7, in <module>
    import httptools  # noqa
  File "<frozen importlib._bootstrap>", line 1007, in _find_and_load
  File "<frozen importlib._bootstrap>", line 982, in _find_and_load_unlocked
  File "<frozen importlib._bootstrap>", line 925, in _find_spec
  File "<frozen importlib._bootstrap_external>", line 1414, in find_spec
  File "<frozen importlib._bootstrap_external>", line 1383, in _get_spec
  File "<frozen importlib._bootstrap_external>", line 1347, in _path_importer_cache
PermissionError: [Errno 1] Operation not permitted
Traceback (most recent call last):
  File "/Applications/Xcode.app/Contents/Developer/Library/Frameworks/Python3.framework/Versions/3.9/lib/python3.9/runpy.py", line 197, in _run_module_as_main
    return _run_code(code, main_globals, None,
  File "/Applications/Xcode.app/Contents/Developer/Library/Frameworks/Python3.framework/Versions/3.9/lib/python3.9/runpy.py", line 87, in _run_code
    exec(code, run_globals)
  File "/Users/macmini/Library/Python/3.9/lib/python/site-packages/uvicorn/__main__.py", line 4, in <module>
    uvicorn.main()
  File "/Users/macmini/Library/Python/3.9/lib/python/site-packages/click/core.py", line 1161, in __call__
    return self.main(*args, **kwargs)
  File "/Users/macmini/Library/Python/3.9/lib/python/site-packages/click/core.py", line 1082, in main
    rv = self.invoke(ctx)
  File "/Users/macmini/Library/Python/3.9/lib/python/site-packages/click/core.py", line 1443, in invoke
    return ctx.invoke(self.callback, **ctx.params)
  File "/Users/macmini/Library/Python/3.9/lib/python/site-packages/click/core.py", line 788, in invoke
    return __callback(*args, **kwargs)
  File "/Users/macmini/Library/Python/3.9/lib/python/site-packages/uvicorn/main.py", line 423, in main
    run(
  File "/Users/macmini/Library/Python/3.9/lib/python/site-packages/uvicorn/main.py", line 593, in run
    server.run()
  File "/Users/macmini/Library/Python/3.9/lib/python/site-packages/uvicorn/server.py", line 67, in run
    return asyncio_run(self.serve(sockets=sockets), loop_factory=self.config.get_loop_factory())
  File "/Users/macmini/Library/Python/3.9/lib/python/site-packages/uvicorn/_compat.py", line 60, in asyncio_run
    return loop.run_until_complete(main)
  File "/Applications/Xcode.app/Contents/Developer/Library/Frameworks/Python3.framework/Versions/3.9/lib/python3.9/asyncio/base_events.py", line 642, in run_until_complete
    return future.result()
  File "/Users/macmini/Library/Python/3.9/lib/python/site-packages/uvicorn/server.py", line 71, in serve
    await self._serve(sockets)
  File "/Users/macmini/Library/Python/3.9/lib/python/site-packages/uvicorn/server.py", line 78, in _serve
    config.load()
  File "/Users/macmini/Library/Python/3.9/lib/python/site-packages/uvicorn/config.py", line 425, in load
    http_protocol_class = import_from_string(HTTP_PROTOCOLS.get(self.http, self.http))
  File "/Users/macmini/Library/Python/3.9/lib/python/site-packages/uvicorn/importer.py", line 19, in import_from_string
    module = importlib.import_module(module_str)
  File "/Applications/Xcode.app/Contents/Developer/Library/Frameworks/Python3.framework/Versions/3.9/lib/python3.9/importlib/__init__.py", line 127, in import_module
    return _bootstrap._gcd_import(name[level:], package, level)
  File "<frozen importlib._bootstrap>", line 1030, in _gcd_import
  File "<frozen importlib._bootstrap>", line 1007, in _find_and_load
  File "<frozen importlib._bootstrap>", line 986, in _find_and_load_unlocked
  File "<frozen importlib._bootstrap>", line 680, in _load_unlocked
  File "<frozen importlib._bootstrap_external>", line 850, in exec_module
  File "<frozen importlib._bootstrap>", line 228, in _call_with_frames_removed
  File "/Users/macmini/Library/Python/3.9/lib/python/site-packages/uvicorn/protocols/http/auto.py", line 7, in <module>
    import httptools  # noqa
  File "<frozen importlib._bootstrap>", line 1007, in _find_and_load
  File "<frozen importlib._bootstrap>", line 982, in _find_and_load_unlocked
  File "<frozen importlib._bootstrap>", line 925, in _find_spec
  File "<frozen importlib._bootstrap_external>", line 1414, in find_spec
  File "<frozen importlib._bootstrap_external>", line 1383, in _get_spec
  File "<frozen importlib._bootstrap_external>", line 1347, in _path_importer_cache
PermissionError: [Errno 1] Operation not permitted
Traceback (most recent call last):
  File "/Applications/Xcode.app/Contents/Developer/Library/Frameworks/Python3.framework/Versions/3.9/lib/python3.9/runpy.py", line 197, in _run_module_as_main
    return _run_code(code, main_globals, None,
  File "/Applications/Xcode.app/Contents/Developer/Library/Frameworks/Python3.framework/Versions/3.9/lib/python3.9/runpy.py", line 87, in _run_code
    exec(code, run_globals)
  File "/Users/macmini/Library/Python/3.9/lib/python/site-packages/uvicorn/__main__.py", line 4, in <module>
    uvicorn.main()
  File "/Users/macmini/Library/Python/3.9/lib/python/site-packages/click/core.py", line 1161, in __call__
    return self.main(*args, **kwargs)
  File "/Users/macmini/Library/Python/3.9/lib/python/site-packages/click/core.py", line 1082, in main
    rv = self.invoke(ctx)
  File "/Users/macmini/Library/Python/3.9/lib/python/site-packages/click/core.py", line 1443, in invoke
    return ctx.invoke(self.callback, **ctx.params)
  File "/Users/macmini/Library/Python/3.9/lib/python/site-packages/click/core.py", line 788, in invoke
    return __callback(*args, **kwargs)
  File "/Users/macmini/Library/Python/3.9/lib/python/site-packages/uvicorn/main.py", line 423, in main
    run(
  File "/Users/macmini/Library/Python/3.9/lib/python/site-packages/uvicorn/main.py", line 593, in run
    server.run()
  File "/Users/macmini/Library/Python/3.9/lib/python/site-packages/uvicorn/server.py", line 67, in run
    return asyncio_run(self.serve(sockets=sockets), loop_factory=self.config.get_loop_factory())
  File "/Users/macmini/Library/Python/3.9/lib/python/site-packages/uvicorn/_compat.py", line 60, in asyncio_run
    return loop.run_until_complete(main)
  File "/Applications/Xcode.app/Contents/Developer/Library/Frameworks/Python3.framework/Versions/3.9/lib/python3.9/asyncio/base_events.py", line 642, in run_until_complete
    return future.result()
  File "/Users/macmini/Library/Python/3.9/lib/python/site-packages/uvicorn/server.py", line 71, in serve
    await self._serve(sockets)
  File "/Users/macmini/Library/Python/3.9/lib/python/site-packages/uvicorn/server.py", line 78, in _serve
    config.load()
  File "/Users/macmini/Library/Python/3.9/lib/python/site-packages/uvicorn/config.py", line 425, in load
    http_protocol_class = import_from_string(HTTP_PROTOCOLS.get(self.http, self.http))
  File "/Users/macmini/Library/Python/3.9/lib/python/site-packages/uvicorn/importer.py", line 19, in import_from_string
    module = importlib.import_module(module_str)
  File "/Applications/Xcode.app/Contents/Developer/Library/Frameworks/Python3.framework/Versions/3.9/lib/python3.9/importlib/__init__.py", line 127, in import_module
    return _bootstrap._gcd_import(name[level:], package, level)
  File "<frozen importlib._bootstrap>", line 1030, in _gcd_import
  File "<frozen importlib._bootstrap>", line 1007, in _find_and_load
  File "<frozen importlib._bootstrap>", line 986, in _find_and_load_unlocked
  File "<frozen importlib._bootstrap>", line 680, in _load_unlocked
  File "<frozen importlib._bootstrap_external>", line 850, in exec_module
  File "<frozen importlib._bootstrap>", line 228, in _call_with_frames_removed
  File "/Users/macmini/Library/Python/3.9/lib/python/site-packages/uvicorn/protocols/http/auto.py", line 7, in <module>
    import httptools  # noqa
  File "<frozen importlib._bootstrap>", line 1007, in _find_and_load
  File "<frozen importlib._bootstrap>", line 982, in _find_and_load_unlocked
  File "<frozen importlib._bootstrap>", line 925, in _find_spec
  File "<frozen importlib._bootstrap_external>", line 1414, in find_spec
  File "<frozen importlib._bootstrap_external>", line 1383, in _get_spec
  File "<frozen importlib._bootstrap_external>", line 1347, in _path_importer_cache
PermissionError: [Errno 1] Operation not permitted
Traceback (most recent call last):
  File "/Applications/Xcode.app/Contents/Developer/Library/Frameworks/Python3.framework/Versions/3.9/lib/python3.9/runpy.py", line 197, in _run_module_as_main
    return _run_code(code, main_globals, None,
  File "/Applications/Xcode.app/Contents/Developer/Library/Frameworks/Python3.framework/Versions/3.9/lib/python3.9/runpy.py", line 87, in _run_code
    exec(code, run_globals)
  File "/Users/macmini/Library/Python/3.9/lib/python/site-packages/uvicorn/__main__.py", line 4, in <module>
    uvicorn.main()
  File "/Users/macmini/Library/Python/3.9/lib/python/site-packages/click/core.py", line 1161, in __call__
    return self.main(*args, **kwargs)
  File "/Users/macmini/Library/Python/3.9/lib/python/site-packages/click/core.py", line 1082, in main
    rv = self.invoke(ctx)
  File "/Users/macmini/Library/Python/3.9/lib/python/site-packages/click/core.py", line 1443, in invoke
    return ctx.invoke(self.callback, **ctx.params)
  File "/Users/macmini/Library/Python/3.9/lib/python/site-packages/click/core.py", line 788, in invoke
    return __callback(*args, **kwargs)
  File "/Users/macmini/Library/Python/3.9/lib/python/site-packages/uvicorn/main.py", line 423, in main
    run(
  File "/Users/macmini/Library/Python/3.9/lib/python/site-packages/uvicorn/main.py", line 593, in run
    server.run()
  File "/Users/macmini/Library/Python/3.9/lib/python/site-packages/uvicorn/server.py", line 67, in run
    return asyncio_run(self.serve(sockets=sockets), loop_factory=self.config.get_loop_factory())
  File "/Users/macmini/Library/Python/3.9/lib/python/site-packages/uvicorn/_compat.py", line 60, in asyncio_run
    return loop.run_until_complete(main)
  File "/Applications/Xcode.app/Contents/Developer/Library/Frameworks/Python3.framework/Versions/3.9/lib/python3.9/asyncio/base_events.py", line 642, in run_until_complete
    return future.result()
  File "/Users/macmini/Library/Python/3.9/lib/python/site-packages/uvicorn/server.py", line 71, in serve
    await self._serve(sockets)
  File "/Users/macmini/Library/Python/3.9/lib/python/site-packages/uvicorn/server.py", line 78, in _serve
    config.load()
  File "/Users/macmini/Library/Python/3.9/lib/python/site-packages/uvicorn/config.py", line 425, in load
    http_protocol_class = import_from_string(HTTP_PROTOCOLS.get(self.http, self.http))
  File "/Users/macmini/Library/Python/3.9/lib/python/site-packages/uvicorn/importer.py", line 19, in import_from_string
    module = importlib.import_module(module_str)
  File "/Applications/Xcode.app/Contents/Developer/Library/Frameworks/Python3.framework/Versions/3.9/lib/python3.9/importlib/__init__.py", line 127, in import_module
    return _bootstrap._gcd_import(name[level:], package, level)
  File "<frozen importlib._bootstrap>", line 1030, in _gcd_import
  File "<frozen importlib._bootstrap>", line 1007, in _find_and_load
  File "<frozen importlib._bootstrap>", line 986, in _find_and_load_unlocked
  File "<frozen importlib._bootstrap>", line 680, in _load_unlocked
  File "<frozen importlib._bootstrap_external>", line 850, in exec_module
  File "<frozen importlib._bootstrap>", line 228, in _call_with_frames_removed
  File "/Users/macmini/Library/Python/3.9/lib/python/site-packages/uvicorn/protocols/http/auto.py", line 7, in <module>
    import httptools  # noqa
  File "<frozen importlib._bootstrap>", line 1007, in _find_and_load
  File "<frozen importlib._bootstrap>", line 982, in _find_and_load_unlocked
  File "<frozen importlib._bootstrap>", line 925, in _find_spec
  File "<frozen importlib._bootstrap_external>", line 1414, in find_spec
  File "<frozen importlib._bootstrap_external>", line 1383, in _get_spec
  File "<frozen importlib._bootstrap_external>", line 1347, in _path_importer_cache
PermissionError: [Errno 1] Operation not permitted
Traceback (most recent call last):
  File "/Applications/Xcode.app/Contents/Developer/Library/Frameworks/Python3.framework/Versions/3.9/lib/python3.9/runpy.py", line 197, in _run_module_as_main
    return _run_code(code, main_globals, None,
  File "/Applications/Xcode.app/Contents/Developer/Library/Frameworks/Python3.framework/Versions/3.9/lib/python3.9/runpy.py", line 87, in _run_code
    exec(code, run_globals)
  File "/Users/macmini/Library/Python/3.9/lib/python/site-packages/uvicorn/__main__.py", line 4, in <module>
    uvicorn.main()
  File "/Users/macmini/Library/Python/3.9/lib/python/site-packages/click/core.py", line 1161, in __call__
    return self.main(*args, **kwargs)
  File "/Users/macmini/Library/Python/3.9/lib/python/site-packages/click/core.py", line 1082, in main
    rv = self.invoke(ctx)
  File "/Users/macmini/Library/Python/3.9/lib/python/site-packages/click/core.py", line 1443, in invoke
    return ctx.invoke(self.callback, **ctx.params)
  File "/Users/macmini/Library/Python/3.9/lib/python/site-packages/click/core.py", line 788, in invoke
    return __callback(*args, **kwargs)
  File "/Users/macmini/Library/Python/3.9/lib/python/site-packages/uvicorn/main.py", line 423, in main
    run(
  File "/Users/macmini/Library/Python/3.9/lib/python/site-packages/uvicorn/main.py", line 593, in run
    server.run()
  File "/Users/macmini/Library/Python/3.9/lib/python/site-packages/uvicorn/server.py", line 67, in run
    return asyncio_run(self.serve(sockets=sockets), loop_factory=self.config.get_loop_factory())
  File "/Users/macmini/Library/Python/3.9/lib/python/site-packages/uvicorn/_compat.py", line 60, in asyncio_run
    return loop.run_until_complete(main)
  File "/Applications/Xcode.app/Contents/Developer/Library/Frameworks/Python3.framework/Versions/3.9/lib/python3.9/asyncio/base_events.py", line 642, in run_until_complete
    return future.result()
  File "/Users/macmini/Library/Python/3.9/lib/python/site-packages/uvicorn/server.py", line 71, in serve
    await self._serve(sockets)
  File "/Users/macmini/Library/Python/3.9/lib/python/site-packages/uvicorn/server.py", line 78, in _serve
    config.load()
  File "/Users/macmini/Library/Python/3.9/lib/python/site-packages/uvicorn/config.py", line 425, in load
    http_protocol_class = import_from_string(HTTP_PROTOCOLS.get(self.http, self.http))
  File "/Users/macmini/Library/Python/3.9/lib/python/site-packages/uvicorn/importer.py", line 19, in import_from_string
    module = importlib.import_module(module_str)
  File "/Applications/Xcode.app/Contents/Developer/Library/Frameworks/Python3.framework/Versions/3.9/lib/python3.9/importlib/__init__.py", line 127, in import_module
    return _bootstrap._gcd_import(name[level:], package, level)
  File "<frozen importlib._bootstrap>", line 1030, in _gcd_import
  File "<frozen importlib._bootstrap>", line 1007, in _find_and_load
  File "<frozen importlib._bootstrap>", line 986, in _find_and_load_unlocked
  File "<frozen importlib._bootstrap>", line 680, in _load_unlocked
  File "<frozen importlib._bootstrap_external>", line 850, in exec_module
  File "<frozen importlib._bootstrap>", line 228, in _call_with_frames_removed
  File "/Users/macmini/Library/Python/3.9/lib/python/site-packages/uvicorn/protocols/http/auto.py", line 7, in <module>
    import httptools  # noqa
  File "<frozen importlib._bootstrap>", line 1007, in _find_and_load
  File "<frozen importlib._bootstrap>", line 982, in _find_and_load_unlocked
  File "<frozen importlib._bootstrap>", line 925, in _find_spec
  File "<frozen importlib._bootstrap_external>", line 1414, in find_spec
  File "<frozen importlib._bootstrap_external>", line 1383, in _get_spec
  File "<frozen importlib._bootstrap_external>", line 1347, in _path_importer_cache
PermissionError: [Errno 1] Operation not permitted
Traceback (most recent call last):
  File "/Applications/Xcode.app/Contents/Developer/Library/Frameworks/Python3.framework/Versions/3.9/lib/python3.9/runpy.py", line 197, in _run_module_as_main
    return _run_code(code, main_globals, None,
  File "/Applications/Xcode.app/Contents/Developer/Library/Frameworks/Python3.framework/Versions/3.9/lib/python3.9/runpy.py", line 87, in _run_code
    exec(code, run_globals)
  File "/Users/macmini/Library/Python/3.9/lib/python/site-packages/uvicorn/__main__.py", line 4, in <module>
    uvicorn.main()
  File "/Users/macmini/Library/Python/3.9/lib/python/site-packages/click/core.py", line 1161, in __call__
    return self.main(*args, **kwargs)
  File "/Users/macmini/Library/Python/3.9/lib/python/site-packages/click/core.py", line 1082, in main
    rv = self.invoke(ctx)
  File "/Users/macmini/Library/Python/3.9/lib/python/site-packages/click/core.py", line 1443, in invoke
    return ctx.invoke(self.callback, **ctx.params)
  File "/Users/macmini/Library/Python/3.9/lib/python/site-packages/click/core.py", line 788, in invoke
    return __callback(*args, **kwargs)
  File "/Users/macmini/Library/Python/3.9/lib/python/site-packages/uvicorn/main.py", line 423, in main
    run(
  File "/Users/macmini/Library/Python/3.9/lib/python/site-packages/uvicorn/main.py", line 593, in run
    server.run()
  File "/Users/macmini/Library/Python/3.9/lib/python/site-packages/uvicorn/server.py", line 67, in run
    return asyncio_run(self.serve(sockets=sockets), loop_factory=self.config.get_loop_factory())
  File "/Users/macmini/Library/Python/3.9/lib/python/site-packages/uvicorn/_compat.py", line 60, in asyncio_run
    return loop.run_until_complete(main)
  File "/Applications/Xcode.app/Contents/Developer/Library/Frameworks/Python3.framework/Versions/3.9/lib/python3.9/asyncio/base_events.py", line 642, in run_until_complete
    return future.result()
  File "/Users/macmini/Library/Python/3.9/lib/python/site-packages/uvicorn/server.py", line 71, in serve
    await self._serve(sockets)
  File "/Users/macmini/Library/Python/3.9/lib/python/site-packages/uvicorn/server.py", line 78, in _serve
    config.load()
  File "/Users/macmini/Library/Python/3.9/lib/python/site-packages/uvicorn/config.py", line 425, in load
    http_protocol_class = import_from_string(HTTP_PROTOCOLS.get(self.http, self.http))
  File "/Users/macmini/Library/Python/3.9/lib/python/site-packages/uvicorn/importer.py", line 19, in import_from_string
    module = importlib.import_module(module_str)
  File "/Applications/Xcode.app/Contents/Developer/Library/Frameworks/Python3.framework/Versions/3.9/lib/python3.9/importlib/__init__.py", line 127, in import_module
    return _bootstrap._gcd_import(name[level:], package, level)
  File "<frozen importlib._bootstrap>", line 1030, in _gcd_import
  File "<frozen importlib._bootstrap>", line 1007, in _find_and_load
  File "<frozen importlib._bootstrap>", line 986, in _find_and_load_unlocked
  File "<frozen importlib._bootstrap>", line 680, in _load_unlocked
  File "<frozen importlib._bootstrap_external>", line 850, in exec_module
  File "<frozen importlib._bootstrap>", line 228, in _call_with_frames_removed
  File "/Users/macmini/Library/Python/3.9/lib/python/site-packages/uvicorn/protocols/http/h11_impl.py", line 10, in <module>
    import h11
  File "<frozen importlib._bootstrap>", line 1007, in _find_and_load
  File "<frozen importlib._bootstrap>", line 982, in _find_and_load_unlocked
  File "<frozen importlib._bootstrap>", line 925, in _find_spec
  File "<frozen importlib._bootstrap_external>", line 1414, in find_spec
  File "<frozen importlib._bootstrap_external>", line 1383, in _get_spec
  File "<frozen importlib._bootstrap_external>", line 1347, in _path_importer_cache
PermissionError: [Errno 1] Operation not permitted
Traceback (most recent call last):
  File "/Applications/Xcode.app/Contents/Developer/Library/Frameworks/Python3.framework/Versions/3.9/lib/python3.9/runpy.py", line 197, in _run_module_as_main
    return _run_code(code, main_globals, None,
  File "/Applications/Xcode.app/Contents/Developer/Library/Frameworks/Python3.framework/Versions/3.9/lib/python3.9/runpy.py", line 87, in _run_code
    exec(code, run_globals)
  File "/Users/macmini/Library/Python/3.9/lib/python/site-packages/uvicorn/__main__.py", line 4, in <module>
    uvicorn.main()
  File "/Users/macmini/Library/Python/3.9/lib/python/site-packages/click/core.py", line 1161, in __call__
    return self.main(*args, **kwargs)
  File "/Users/macmini/Library/Python/3.9/lib/python/site-packages/click/core.py", line 1082, in main
    rv = self.invoke(ctx)
  File "/Users/macmini/Library/Python/3.9/lib/python/site-packages/click/core.py", line 1443, in invoke
    return ctx.invoke(self.callback, **ctx.params)
  File "/Users/macmini/Library/Python/3.9/lib/python/site-packages/click/core.py", line 788, in invoke
    return __callback(*args, **kwargs)
  File "/Users/macmini/Library/Python/3.9/lib/python/site-packages/uvicorn/main.py", line 423, in main
    run(
  File "/Users/macmini/Library/Python/3.9/lib/python/site-packages/uvicorn/main.py", line 593, in run
    server.run()
  File "/Users/macmini/Library/Python/3.9/lib/python/site-packages/uvicorn/server.py", line 67, in run
    return asyncio_run(self.serve(sockets=sockets), loop_factory=self.config.get_loop_factory())
  File "/Users/macmini/Library/Python/3.9/lib/python/site-packages/uvicorn/_compat.py", line 60, in asyncio_run
    return loop.run_until_complete(main)
  File "/Applications/Xcode.app/Contents/Developer/Library/Frameworks/Python3.framework/Versions/3.9/lib/python3.9/asyncio/base_events.py", line 642, in run_until_complete
    return future.result()
  File "/Users/macmini/Library/Python/3.9/lib/python/site-packages/uvicorn/server.py", line 71, in serve
    await self._serve(sockets)
  File "/Users/macmini/Library/Python/3.9/lib/python/site-packages/uvicorn/server.py", line 78, in _serve
    config.load()
  File "/Users/macmini/Library/Python/3.9/lib/python/site-packages/uvicorn/config.py", line 425, in load
    http_protocol_class = import_from_string(HTTP_PROTOCOLS.get(self.http, self.http))
  File "/Users/macmini/Library/Python/3.9/lib/python/site-packages/uvicorn/importer.py", line 19, in import_from_string
    module = importlib.import_module(module_str)
  File "/Applications/Xcode.app/Contents/Developer/Library/Frameworks/Python3.framework/Versions/3.9/lib/python3.9/importlib/__init__.py", line 127, in import_module
    return _bootstrap._gcd_import(name[level:], package, level)
  File "<frozen importlib._bootstrap>", line 1030, in _gcd_import
  File "<frozen importlib._bootstrap>", line 1007, in _find_and_load
  File "<frozen importlib._bootstrap>", line 986, in _find_and_load_unlocked
  File "<frozen importlib._bootstrap>", line 680, in _load_unlocked
  File "<frozen importlib._bootstrap_external>", line 850, in exec_module
  File "<frozen importlib._bootstrap>", line 228, in _call_with_frames_removed
  File "/Users/macmini/Library/Python/3.9/lib/python/site-packages/uvicorn/protocols/http/h11_impl.py", line 10, in <module>
    import h11
  File "<frozen importlib._bootstrap>", line 1007, in _find_and_load
  File "<frozen importlib._bootstrap>", line 982, in _find_and_load_unlocked
  File "<frozen importlib._bootstrap>", line 925, in _find_spec
  File "<frozen importlib._bootstrap_external>", line 1414, in find_spec
  File "<frozen importlib._bootstrap_external>", line 1383, in _get_spec
  File "<frozen importlib._bootstrap_external>", line 1347, in _path_importer_cache
PermissionError: [Errno 1] Operation not permitted
Traceback (most recent call last):
  File "/Applications/Xcode.app/Contents/Developer/Library/Frameworks/Python3.framework/Versions/3.9/lib/python3.9/runpy.py", line 197, in _run_module_as_main
    return _run_code(code, main_globals, None,
  File "/Applications/Xcode.app/Contents/Developer/Library/Frameworks/Python3.framework/Versions/3.9/lib/python3.9/runpy.py", line 87, in _run_code
    exec(code, run_globals)
  File "/Users/macmini/Library/Python/3.9/lib/python/site-packages/uvicorn/__main__.py", line 4, in <module>
    uvicorn.main()
  File "/Users/macmini/Library/Python/3.9/lib/python/site-packages/click/core.py", line 1161, in __call__
    return self.main(*args, **kwargs)
  File "/Users/macmini/Library/Python/3.9/lib/python/site-packages/click/core.py", line 1082, in main
    rv = self.invoke(ctx)
  File "/Users/macmini/Library/Python/3.9/lib/python/site-packages/click/core.py", line 1443, in invoke
    return ctx.invoke(self.callback, **ctx.params)
  File "/Users/macmini/Library/Python/3.9/lib/python/site-packages/click/core.py", line 788, in invoke
    return __callback(*args, **kwargs)
  File "/Users/macmini/Library/Python/3.9/lib/python/site-packages/uvicorn/main.py", line 423, in main
    run(
  File "/Users/macmini/Library/Python/3.9/lib/python/site-packages/uvicorn/main.py", line 593, in run
    server.run()
  File "/Users/macmini/Library/Python/3.9/lib/python/site-packages/uvicorn/server.py", line 67, in run
    return asyncio_run(self.serve(sockets=sockets), loop_factory=self.config.get_loop_factory())
  File "/Users/macmini/Library/Python/3.9/lib/python/site-packages/uvicorn/_compat.py", line 60, in asyncio_run
    return loop.run_until_complete(main)
  File "/Applications/Xcode.app/Contents/Developer/Library/Frameworks/Python3.framework/Versions/3.9/lib/python3.9/asyncio/base_events.py", line 642, in run_until_complete
    return future.result()
  File "/Users/macmini/Library/Python/3.9/lib/python/site-packages/uvicorn/server.py", line 71, in serve
    await self._serve(sockets)
  File "/Users/macmini/Library/Python/3.9/lib/python/site-packages/uvicorn/server.py", line 78, in _serve
    config.load()
  File "/Users/macmini/Library/Python/3.9/lib/python/site-packages/uvicorn/config.py", line 425, in load
    http_protocol_class = import_from_string(HTTP_PROTOCOLS.get(self.http, self.http))
  File "/Users/macmini/Library/Python/3.9/lib/python/site-packages/uvicorn/importer.py", line 19, in import_from_string
    module = importlib.import_module(module_str)
  File "/Applications/Xcode.app/Contents/Developer/Library/Frameworks/Python3.framework/Versions/3.9/lib/python3.9/importlib/__init__.py", line 127, in import_module
    return _bootstrap._gcd_import(name[level:], package, level)
  File "<frozen importlib._bootstrap>", line 1030, in _gcd_import
  File "<frozen importlib._bootstrap>", line 1007, in _find_and_load
  File "<frozen importlib._bootstrap>", line 986, in _find_and_load_unlocked
  File "<frozen importlib._bootstrap>", line 680, in _load_unlocked
  File "<frozen importlib._bootstrap_external>", line 850, in exec_module
  File "<frozen importlib._bootstrap>", line 228, in _call_with_frames_removed
  File "/Users/macmini/Library/Python/3.9/lib/python/site-packages/uvicorn/protocols/http/h11_impl.py", line 10, in <module>
    import h11
  File "<frozen importlib._bootstrap>", line 1007, in _find_and_load
  File "<frozen importlib._bootstrap>", line 982, in _find_and_load_unlocked
  File "<frozen importlib._bootstrap>", line 925, in _find_spec
  File "<frozen importlib._bootstrap_external>", line 1414, in find_spec
  File "<frozen importlib._bootstrap_external>", line 1383, in _get_spec
  File "<frozen importlib._bootstrap_external>", line 1347, in _path_importer_cache
PermissionError: [Errno 1] Operation not permitted
Traceback (most recent call last):
  File "/Applications/Xcode.app/Contents/Developer/Library/Frameworks/Python3.framework/Versions/3.9/lib/python3.9/runpy.py", line 197, in _run_module_as_main
    return _run_code(code, main_globals, None,
  File "/Applications/Xcode.app/Contents/Developer/Library/Frameworks/Python3.framework/Versions/3.9/lib/python3.9/runpy.py", line 87, in _run_code
    exec(code, run_globals)
  File "/Users/macmini/Library/Python/3.9/lib/python/site-packages/uvicorn/__main__.py", line 4, in <module>
    uvicorn.main()
  File "/Users/macmini/Library/Python/3.9/lib/python/site-packages/click/core.py", line 1161, in __call__
    return self.main(*args, **kwargs)
  File "/Users/macmini/Library/Python/3.9/lib/python/site-packages/click/core.py", line 1082, in main
    rv = self.invoke(ctx)
  File "/Users/macmini/Library/Python/3.9/lib/python/site-packages/click/core.py", line 1443, in invoke
    return ctx.invoke(self.callback, **ctx.params)
  File "/Users/macmini/Library/Python/3.9/lib/python/site-packages/click/core.py", line 788, in invoke
    return __callback(*args, **kwargs)
  File "/Users/macmini/Library/Python/3.9/lib/python/site-packages/uvicorn/main.py", line 423, in main
    run(
  File "/Users/macmini/Library/Python/3.9/lib/python/site-packages/uvicorn/main.py", line 593, in run
    server.run()
  File "/Users/macmini/Library/Python/3.9/lib/python/site-packages/uvicorn/server.py", line 67, in run
    return asyncio_run(self.serve(sockets=sockets), loop_factory=self.config.get_loop_factory())
  File "/Users/macmini/Library/Python/3.9/lib/python/site-packages/uvicorn/_compat.py", line 60, in asyncio_run
    return loop.run_until_complete(main)
  File "/Applications/Xcode.app/Contents/Developer/Library/Frameworks/Python3.framework/Versions/3.9/lib/python3.9/asyncio/base_events.py", line 642, in run_until_complete
    return future.result()
  File "/Users/macmini/Library/Python/3.9/lib/python/site-packages/uvicorn/server.py", line 71, in serve
    await self._serve(sockets)
  File "/Users/macmini/Library/Python/3.9/lib/python/site-packages/uvicorn/server.py", line 78, in _serve
    config.load()
  File "/Users/macmini/Library/Python/3.9/lib/python/site-packages/uvicorn/config.py", line 425, in load
    http_protocol_class = import_from_string(HTTP_PROTOCOLS.get(self.http, self.http))
  File "/Users/macmini/Library/Python/3.9/lib/python/site-packages/uvicorn/importer.py", line 19, in import_from_string
    module = importlib.import_module(module_str)
  File "/Applications/Xcode.app/Contents/Developer/Library/Frameworks/Python3.framework/Versions/3.9/lib/python3.9/importlib/__init__.py", line 127, in import_module
    return _bootstrap._gcd_import(name[level:], package, level)
  File "<frozen importlib._bootstrap>", line 1030, in _gcd_import
  File "<frozen importlib._bootstrap>", line 1007, in _find_and_load
  File "<frozen importlib._bootstrap>", line 986, in _find_and_load_unlocked
  File "<frozen importlib._bootstrap>", line 680, in _load_unlocked
  File "<frozen importlib._bootstrap_external>", line 850, in exec_module
  File "<frozen importlib._bootstrap>", line 228, in _call_with_frames_removed
  File "/Users/macmini/Library/Python/3.9/lib/python/site-packages/uvicorn/protocols/http/h11_impl.py", line 10, in <module>
    import h11
  File "<frozen importlib._bootstrap>", line 1007, in _find_and_load
  File "<frozen importlib._bootstrap>", line 982, in _find_and_load_unlocked
  File "<frozen importlib._bootstrap>", line 925, in _find_spec
  File "<frozen importlib._bootstrap_external>", line 1414, in find_spec
  File "<frozen importlib._bootstrap_external>", line 1383, in _get_spec
  File "<frozen importlib._bootstrap_external>", line 1347, in _path_importer_cache
PermissionError: [Errno 1] Operation not permitted
Traceback (most recent call last):
  File "/Applications/Xcode.app/Contents/Developer/Library/Frameworks/Python3.framework/Versions/3.9/lib/python3.9/runpy.py", line 197, in _run_module_as_main
    return _run_code(code, main_globals, None,
  File "/Applications/Xcode.app/Contents/Developer/Library/Frameworks/Python3.framework/Versions/3.9/lib/python3.9/runpy.py", line 87, in _run_code
    exec(code, run_globals)
  File "/Users/macmini/Library/Python/3.9/lib/python/site-packages/uvicorn/__main__.py", line 4, in <module>
    uvicorn.main()
  File "/Users/macmini/Library/Python/3.9/lib/python/site-packages/click/core.py", line 1161, in __call__
    return self.main(*args, **kwargs)
  File "/Users/macmini/Library/Python/3.9/lib/python/site-packages/click/core.py", line 1082, in main
    rv = self.invoke(ctx)
  File "/Users/macmini/Library/Python/3.9/lib/python/site-packages/click/core.py", line 1443, in invoke
    return ctx.invoke(self.callback, **ctx.params)
  File "/Users/macmini/Library/Python/3.9/lib/python/site-packages/click/core.py", line 788, in invoke
    return __callback(*args, **kwargs)
  File "/Users/macmini/Library/Python/3.9/lib/python/site-packages/uvicorn/main.py", line 423, in main
    run(
  File "/Users/macmini/Library/Python/3.9/lib/python/site-packages/uvicorn/main.py", line 593, in run
    server.run()
  File "/Users/macmini/Library/Python/3.9/lib/python/site-packages/uvicorn/server.py", line 67, in run
    return asyncio_run(self.serve(sockets=sockets), loop_factory=self.config.get_loop_factory())
  File "/Users/macmini/Library/Python/3.9/lib/python/site-packages/uvicorn/_compat.py", line 60, in asyncio_run
    return loop.run_until_complete(main)
  File "/Applications/Xcode.app/Contents/Developer/Library/Frameworks/Python3.framework/Versions/3.9/lib/python3.9/asyncio/base_events.py", line 642, in run_until_complete
    return future.result()
  File "/Users/macmini/Library/Python/3.9/lib/python/site-packages/uvicorn/server.py", line 71, in serve
    await self._serve(sockets)
  File "/Users/macmini/Library/Python/3.9/lib/python/site-packages/uvicorn/server.py", line 78, in _serve
    config.load()
  File "/Users/macmini/Library/Python/3.9/lib/python/site-packages/uvicorn/config.py", line 425, in load
    http_protocol_class = import_from_string(HTTP_PROTOCOLS.get(self.http, self.http))
  File "/Users/macmini/Library/Python/3.9/lib/python/site-packages/uvicorn/importer.py", line 19, in import_from_string
    module = importlib.import_module(module_str)
  File "/Applications/Xcode.app/Contents/Developer/Library/Frameworks/Python3.framework/Versions/3.9/lib/python3.9/importlib/__init__.py", line 127, in import_module
    return _bootstrap._gcd_import(name[level:], package, level)
  File "<frozen importlib._bootstrap>", line 1030, in _gcd_import
  File "<frozen importlib._bootstrap>", line 1007, in _find_and_load
  File "<frozen importlib._bootstrap>", line 986, in _find_and_load_unlocked
  File "<frozen importlib._bootstrap>", line 680, in _load_unlocked
  File "<frozen importlib._bootstrap_external>", line 850, in exec_module
  File "<frozen importlib._bootstrap>", line 228, in _call_with_frames_removed
  File "/Users/macmini/Library/Python/3.9/lib/python/site-packages/uvicorn/protocols/http/h11_impl.py", line 10, in <module>
    import h11
  File "<frozen importlib._bootstrap>", line 1007, in _find_and_load
  File "<frozen importlib._bootstrap>", line 982, in _find_and_load_unlocked
  File "<frozen importlib._bootstrap>", line 925, in _find_spec
  File "<frozen importlib._bootstrap_external>", line 1414, in find_spec
  File "<frozen importlib._bootstrap_external>", line 1383, in _get_spec
  File "<frozen importlib._bootstrap_external>", line 1347, in _path_importer_cache
PermissionError: [Errno 1] Operation not permitted
Traceback (most recent call last):
  File "/Applications/Xcode.app/Contents/Developer/Library/Frameworks/Python3.framework/Versions/3.9/lib/python3.9/runpy.py", line 197, in _run_module_as_main
    return _run_code(code, main_globals, None,
  File "/Applications/Xcode.app/Contents/Developer/Library/Frameworks/Python3.framework/Versions/3.9/lib/python3.9/runpy.py", line 87, in _run_code
    exec(code, run_globals)
  File "/Users/macmini/Library/Python/3.9/lib/python/site-packages/uvicorn/__main__.py", line 4, in <module>
    uvicorn.main()
  File "/Users/macmini/Library/Python/3.9/lib/python/site-packages/click/core.py", line 1161, in __call__
    return self.main(*args, **kwargs)
  File "/Users/macmini/Library/Python/3.9/lib/python/site-packages/click/core.py", line 1082, in main
    rv = self.invoke(ctx)
  File "/Users/macmini/Library/Python/3.9/lib/python/site-packages/click/core.py", line 1443, in invoke
    return ctx.invoke(self.callback, **ctx.params)
  File "/Users/macmini/Library/Python/3.9/lib/python/site-packages/click/core.py", line 788, in invoke
    return __callback(*args, **kwargs)
  File "/Users/macmini/Library/Python/3.9/lib/python/site-packages/uvicorn/main.py", line 423, in main
    run(
  File "/Users/macmini/Library/Python/3.9/lib/python/site-packages/uvicorn/main.py", line 593, in run
    server.run()
  File "/Users/macmini/Library/Python/3.9/lib/python/site-packages/uvicorn/server.py", line 67, in run
    return asyncio_run(self.serve(sockets=sockets), loop_factory=self.config.get_loop_factory())
  File "/Users/macmini/Library/Python/3.9/lib/python/site-packages/uvicorn/_compat.py", line 60, in asyncio_run
    return loop.run_until_complete(main)
  File "/Applications/Xcode.app/Contents/Developer/Library/Frameworks/Python3.framework/Versions/3.9/lib/python3.9/asyncio/base_events.py", line 642, in run_until_complete
    return future.result()
  File "/Users/macmini/Library/Python/3.9/lib/python/site-packages/uvicorn/server.py", line 71, in serve
    await self._serve(sockets)
  File "/Users/macmini/Library/Python/3.9/lib/python/site-packages/uvicorn/server.py", line 78, in _serve
    config.load()
  File "/Users/macmini/Library/Python/3.9/lib/python/site-packages/uvicorn/config.py", line 425, in load
    http_protocol_class = import_from_string(HTTP_PROTOCOLS.get(self.http, self.http))
  File "/Users/macmini/Library/Python/3.9/lib/python/site-packages/uvicorn/importer.py", line 19, in import_from_string
    module = importlib.import_module(module_str)
  File "/Applications/Xcode.app/Contents/Developer/Library/Frameworks/Python3.framework/Versions/3.9/lib/python3.9/importlib/__init__.py", line 127, in import_module
    return _bootstrap._gcd_import(name[level:], package, level)
  File "<frozen importlib._bootstrap>", line 1030, in _gcd_import
  File "<frozen importlib._bootstrap>", line 1007, in _find_and_load
  File "<frozen importlib._bootstrap>", line 986, in _find_and_load_unlocked
  File "<frozen importlib._bootstrap>", line 680, in _load_unlocked
  File "<frozen importlib._bootstrap_external>", line 850, in exec_module
  File "<frozen importlib._bootstrap>", line 228, in _call_with_frames_removed
  File "/Users/macmini/Library/Python/3.9/lib/python/site-packages/uvicorn/protocols/http/h11_impl.py", line 10, in <module>
    import h11
  File "<frozen importlib._bootstrap>", line 1007, in _find_and_load
  File "<frozen importlib._bootstrap>", line 982, in _find_and_load_unlocked
  File "<frozen importlib._bootstrap>", line 925, in _find_spec
  File "<frozen importlib._bootstrap_external>", line 1414, in find_spec
  File "<frozen importlib._bootstrap_external>", line 1383, in _get_spec
  File "<frozen importlib._bootstrap_external>", line 1347, in _path_importer_cache
PermissionError: [Errno 1] Operation not permitted
Traceback (most recent call last):
  File "/Applications/Xcode.app/Contents/Developer/Library/Frameworks/Python3.framework/Versions/3.9/lib/python3.9/runpy.py", line 197, in _run_module_as_main
    return _run_code(code, main_globals, None,
  File "/Applications/Xcode.app/Contents/Developer/Library/Frameworks/Python3.framework/Versions/3.9/lib/python3.9/runpy.py", line 87, in _run_code
    exec(code, run_globals)
  File "/Users/macmini/Library/Python/3.9/lib/python/site-packages/uvicorn/__main__.py", line 4, in <module>
    uvicorn.main()
  File "/Users/macmini/Library/Python/3.9/lib/python/site-packages/click/core.py", line 1161, in __call__
    return self.main(*args, **kwargs)
  File "/Users/macmini/Library/Python/3.9/lib/python/site-packages/click/core.py", line 1082, in main
    rv = self.invoke(ctx)
  File "/Users/macmini/Library/Python/3.9/lib/python/site-packages/click/core.py", line 1443, in invoke
    return ctx.invoke(self.callback, **ctx.params)
  File "/Users/macmini/Library/Python/3.9/lib/python/site-packages/click/core.py", line 788, in invoke
    return __callback(*args, **kwargs)
  File "/Users/macmini/Library/Python/3.9/lib/python/site-packages/uvicorn/main.py", line 423, in main
    run(
  File "/Users/macmini/Library/Python/3.9/lib/python/site-packages/uvicorn/main.py", line 593, in run
    server.run()
  File "/Users/macmini/Library/Python/3.9/lib/python/site-packages/uvicorn/server.py", line 67, in run
    return asyncio_run(self.serve(sockets=sockets), loop_factory=self.config.get_loop_factory())
  File "/Users/macmini/Library/Python/3.9/lib/python/site-packages/uvicorn/_compat.py", line 60, in asyncio_run
    return loop.run_until_complete(main)
  File "/Applications/Xcode.app/Contents/Developer/Library/Frameworks/Python3.framework/Versions/3.9/lib/python3.9/asyncio/base_events.py", line 642, in run_until_complete
    return future.result()
  File "/Users/macmini/Library/Python/3.9/lib/python/site-packages/uvicorn/server.py", line 71, in serve
    await self._serve(sockets)
  File "/Users/macmini/Library/Python/3.9/lib/python/site-packages/uvicorn/server.py", line 78, in _serve
    config.load()
  File "/Users/macmini/Library/Python/3.9/lib/python/site-packages/uvicorn/config.py", line 425, in load
    http_protocol_class = import_from_string(HTTP_PROTOCOLS.get(self.http, self.http))
  File "/Users/macmini/Library/Python/3.9/lib/python/site-packages/uvicorn/importer.py", line 19, in import_from_string
    module = importlib.import_module(module_str)
  File "/Applications/Xcode.app/Contents/Developer/Library/Frameworks/Python3.framework/Versions/3.9/lib/python3.9/importlib/__init__.py", line 127, in import_module
    return _bootstrap._gcd_import(name[level:], package, level)
  File "<frozen importlib._bootstrap>", line 1030, in _gcd_import
  File "<frozen importlib._bootstrap>", line 1007, in _find_and_load
  File "<frozen importlib._bootstrap>", line 986, in _find_and_load_unlocked
  File "<frozen importlib._bootstrap>", line 680, in _load_unlocked
  File "<frozen importlib._bootstrap_external>", line 850, in exec_module
  File "<frozen importlib._bootstrap>", line 228, in _call_with_frames_removed
  File "/Users/macmini/Library/Python/3.9/lib/python/site-packages/uvicorn/protocols/http/h11_impl.py", line 10, in <module>
    import h11
  File "<frozen importlib._bootstrap>", line 1007, in _find_and_load
  File "<frozen importlib._bootstrap>", line 982, in _find_and_load_unlocked
  File "<frozen importlib._bootstrap>", line 925, in _find_spec
  File "<frozen importlib._bootstrap_external>", line 1414, in find_spec
  File "<frozen importlib._bootstrap_external>", line 1383, in _get_spec
  File "<frozen importlib._bootstrap_external>", line 1347, in _path_importer_cache
PermissionError: [Errno 1] Operation not permitted
Traceback (most recent call last):
  File "/Applications/Xcode.app/Contents/Developer/Library/Frameworks/Python3.framework/Versions/3.9/lib/python3.9/runpy.py", line 197, in _run_module_as_main
    return _run_code(code, main_globals, None,
  File "/Applications/Xcode.app/Contents/Developer/Library/Frameworks/Python3.framework/Versions/3.9/lib/python3.9/runpy.py", line 87, in _run_code
    exec(code, run_globals)
  File "/Users/macmini/Library/Python/3.9/lib/python/site-packages/uvicorn/__main__.py", line 4, in <module>
    uvicorn.main()
  File "/Users/macmini/Library/Python/3.9/lib/python/site-packages/click/core.py", line 1161, in __call__
    return self.main(*args, **kwargs)
  File "/Users/macmini/Library/Python/3.9/lib/python/site-packages/click/core.py", line 1082, in main
    rv = self.invoke(ctx)
  File "/Users/macmini/Library/Python/3.9/lib/python/site-packages/click/core.py", line 1443, in invoke
    return ctx.invoke(self.callback, **ctx.params)
  File "/Users/macmini/Library/Python/3.9/lib/python/site-packages/click/core.py", line 788, in invoke
    return __callback(*args, **kwargs)
  File "/Users/macmini/Library/Python/3.9/lib/python/site-packages/uvicorn/main.py", line 423, in main
    run(
  File "/Users/macmini/Library/Python/3.9/lib/python/site-packages/uvicorn/main.py", line 593, in run
    server.run()
  File "/Users/macmini/Library/Python/3.9/lib/python/site-packages/uvicorn/server.py", line 67, in run
    return asyncio_run(self.serve(sockets=sockets), loop_factory=self.config.get_loop_factory())
  File "/Users/macmini/Library/Python/3.9/lib/python/site-packages/uvicorn/_compat.py", line 60, in asyncio_run
    return loop.run_until_complete(main)
  File "/Applications/Xcode.app/Contents/Developer/Library/Frameworks/Python3.framework/Versions/3.9/lib/python3.9/asyncio/base_events.py", line 642, in run_until_complete
    return future.result()
  File "/Users/macmini/Library/Python/3.9/lib/python/site-packages/uvicorn/server.py", line 71, in serve
    await self._serve(sockets)
  File "/Users/macmini/Library/Python/3.9/lib/python/site-packages/uvicorn/server.py", line 78, in _serve
    config.load()
  File "/Users/macmini/Library/Python/3.9/lib/python/site-packages/uvicorn/config.py", line 425, in load
    http_protocol_class = import_from_string(HTTP_PROTOCOLS.get(self.http, self.http))
  File "/Users/macmini/Library/Python/3.9/lib/python/site-packages/uvicorn/importer.py", line 19, in import_from_string
    module = importlib.import_module(module_str)
  File "/Applications/Xcode.app/Contents/Developer/Library/Frameworks/Python3.framework/Versions/3.9/lib/python3.9/importlib/__init__.py", line 127, in import_module
    return _bootstrap._gcd_import(name[level:], package, level)
  File "<frozen importlib._bootstrap>", line 1030, in _gcd_import
  File "<frozen importlib._bootstrap>", line 1007, in _find_and_load
  File "<frozen importlib._bootstrap>", line 986, in _find_and_load_unlocked
  File "<frozen importlib._bootstrap>", line 680, in _load_unlocked
  File "<frozen importlib._bootstrap_external>", line 850, in exec_module
  File "<frozen importlib._bootstrap>", line 228, in _call_with_frames_removed
  File "/Users/macmini/Library/Python/3.9/lib/python/site-packages/uvicorn/protocols/http/h11_impl.py", line 10, in <module>
    import h11
  File "<frozen importlib._bootstrap>", line 1007, in _find_and_load
  File "<frozen importlib._bootstrap>", line 982, in _find_and_load_unlocked
  File "<frozen importlib._bootstrap>", line 925, in _find_spec
  File "<frozen importlib._bootstrap_external>", line 1414, in find_spec
  File "<frozen importlib._bootstrap_external>", line 1383, in _get_spec
  File "<frozen importlib._bootstrap_external>", line 1347, in _path_importer_cache
PermissionError: [Errno 1] Operation not permitted
Traceback (most recent call last):
  File "/Applications/Xcode.app/Contents/Developer/Library/Frameworks/Python3.framework/Versions/3.9/lib/python3.9/runpy.py", line 197, in _run_module_as_main
    return _run_code(code, main_globals, None,
  File "/Applications/Xcode.app/Contents/Developer/Library/Frameworks/Python3.framework/Versions/3.9/lib/python3.9/runpy.py", line 87, in _run_code
    exec(code, run_globals)
  File "/Users/macmini/Library/Python/3.9/lib/python/site-packages/uvicorn/__main__.py", line 4, in <module>
    uvicorn.main()
  File "/Users/macmini/Library/Python/3.9/lib/python/site-packages/click/core.py", line 1161, in __call__
    return self.main(*args, **kwargs)
  File "/Users/macmini/Library/Python/3.9/lib/python/site-packages/click/core.py", line 1082, in main
    rv = self.invoke(ctx)
  File "/Users/macmini/Library/Python/3.9/lib/python/site-packages/click/core.py", line 1443, in invoke
    return ctx.invoke(self.callback, **ctx.params)
  File "/Users/macmini/Library/Python/3.9/lib/python/site-packages/click/core.py", line 788, in invoke
    return __callback(*args, **kwargs)
  File "/Users/macmini/Library/Python/3.9/lib/python/site-packages/uvicorn/main.py", line 423, in main
    run(
  File "/Users/macmini/Library/Python/3.9/lib/python/site-packages/uvicorn/main.py", line 593, in run
    server.run()
  File "/Users/macmini/Library/Python/3.9/lib/python/site-packages/uvicorn/server.py", line 67, in run
    return asyncio_run(self.serve(sockets=sockets), loop_factory=self.config.get_loop_factory())
  File "/Users/macmini/Library/Python/3.9/lib/python/site-packages/uvicorn/_compat.py", line 60, in asyncio_run
    return loop.run_until_complete(main)
  File "/Applications/Xcode.app/Contents/Developer/Library/Frameworks/Python3.framework/Versions/3.9/lib/python3.9/asyncio/base_events.py", line 642, in run_until_complete
    return future.result()
  File "/Users/macmini/Library/Python/3.9/lib/python/site-packages/uvicorn/server.py", line 71, in serve
    await self._serve(sockets)
  File "/Users/macmini/Library/Python/3.9/lib/python/site-packages/uvicorn/server.py", line 78, in _serve
    config.load()
  File "/Users/macmini/Library/Python/3.9/lib/python/site-packages/uvicorn/config.py", line 425, in load
    http_protocol_class = import_from_string(HTTP_PROTOCOLS.get(self.http, self.http))
  File "/Users/macmini/Library/Python/3.9/lib/python/site-packages/uvicorn/importer.py", line 19, in import_from_string
    module = importlib.import_module(module_str)
  File "/Applications/Xcode.app/Contents/Developer/Library/Frameworks/Python3.framework/Versions/3.9/lib/python3.9/importlib/__init__.py", line 127, in import_module
    return _bootstrap._gcd_import(name[level:], package, level)
  File "<frozen importlib._bootstrap>", line 1030, in _gcd_import
  File "<frozen importlib._bootstrap>", line 1007, in _find_and_load
  File "<frozen importlib._bootstrap>", line 986, in _find_and_load_unlocked
  File "<frozen importlib._bootstrap>", line 680, in _load_unlocked
  File "<frozen importlib._bootstrap_external>", line 850, in exec_module
  File "<frozen importlib._bootstrap>", line 228, in _call_with_frames_removed
  File "/Users/macmini/Library/Python/3.9/lib/python/site-packages/uvicorn/protocols/http/h11_impl.py", line 10, in <module>
    import h11
  File "<frozen importlib._bootstrap>", line 1007, in _find_and_load
  File "<frozen importlib._bootstrap>", line 982, in _find_and_load_unlocked
  File "<frozen importlib._bootstrap>", line 925, in _find_spec
  File "<frozen importlib._bootstrap_external>", line 1414, in find_spec
  File "<frozen importlib._bootstrap_external>", line 1383, in _get_spec
  File "<frozen importlib._bootstrap_external>", line 1347, in _path_importer_cache
PermissionError: [Errno 1] Operation not permitted
Traceback (most recent call last):
  File "/Applications/Xcode.app/Contents/Developer/Library/Frameworks/Python3.framework/Versions/3.9/lib/python3.9/runpy.py", line 197, in _run_module_as_main
    return _run_code(code, main_globals, None,
  File "/Applications/Xcode.app/Contents/Developer/Library/Frameworks/Python3.framework/Versions/3.9/lib/python3.9/runpy.py", line 87, in _run_code
    exec(code, run_globals)
  File "/Users/macmini/Library/Python/3.9/lib/python/site-packages/uvicorn/__main__.py", line 4, in <module>
    uvicorn.main()
  File "/Users/macmini/Library/Python/3.9/lib/python/site-packages/click/core.py", line 1161, in __call__
    return self.main(*args, **kwargs)
  File "/Users/macmini/Library/Python/3.9/lib/python/site-packages/click/core.py", line 1082, in main
    rv = self.invoke(ctx)
  File "/Users/macmini/Library/Python/3.9/lib/python/site-packages/click/core.py", line 1443, in invoke
    return ctx.invoke(self.callback, **ctx.params)
  File "/Users/macmini/Library/Python/3.9/lib/python/site-packages/click/core.py", line 788, in invoke
    return __callback(*args, **kwargs)
  File "/Users/macmini/Library/Python/3.9/lib/python/site-packages/uvicorn/main.py", line 423, in main
    run(
  File "/Users/macmini/Library/Python/3.9/lib/python/site-packages/uvicorn/main.py", line 593, in run
    server.run()
  File "/Users/macmini/Library/Python/3.9/lib/python/site-packages/uvicorn/server.py", line 67, in run
    return asyncio_run(self.serve(sockets=sockets), loop_factory=self.config.get_loop_factory())
  File "/Users/macmini/Library/Python/3.9/lib/python/site-packages/uvicorn/_compat.py", line 60, in asyncio_run
    return loop.run_until_complete(main)
  File "/Applications/Xcode.app/Contents/Developer/Library/Frameworks/Python3.framework/Versions/3.9/lib/python3.9/asyncio/base_events.py", line 642, in run_until_complete
    return future.result()
  File "/Users/macmini/Library/Python/3.9/lib/python/site-packages/uvicorn/server.py", line 71, in serve
    await self._serve(sockets)
  File "/Users/macmini/Library/Python/3.9/lib/python/site-packages/uvicorn/server.py", line 78, in _serve
    config.load()
  File "/Users/macmini/Library/Python/3.9/lib/python/site-packages/uvicorn/config.py", line 425, in load
    http_protocol_class = import_from_string(HTTP_PROTOCOLS.get(self.http, self.http))
  File "/Users/macmini/Library/Python/3.9/lib/python/site-packages/uvicorn/importer.py", line 19, in import_from_string
    module = importlib.import_module(module_str)
  File "/Applications/Xcode.app/Contents/Developer/Library/Frameworks/Python3.framework/Versions/3.9/lib/python3.9/importlib/__init__.py", line 127, in import_module
    return _bootstrap._gcd_import(name[level:], package, level)
  File "<frozen importlib._bootstrap>", line 1030, in _gcd_import
  File "<frozen importlib._bootstrap>", line 1007, in _find_and_load
  File "<frozen importlib._bootstrap>", line 986, in _find_and_load_unlocked
  File "<frozen importlib._bootstrap>", line 680, in _load_unlocked
  File "<frozen importlib._bootstrap_external>", line 850, in exec_module
  File "<frozen importlib._bootstrap>", line 228, in _call_with_frames_removed
  File "/Users/macmini/Library/Python/3.9/lib/python/site-packages/uvicorn/protocols/http/h11_impl.py", line 10, in <module>
    import h11
  File "<frozen importlib._bootstrap>", line 1007, in _find_and_load
  File "<frozen importlib._bootstrap>", line 982, in _find_and_load_unlocked
  File "<frozen importlib._bootstrap>", line 925, in _find_spec
  File "<frozen importlib._bootstrap_external>", line 1414, in find_spec
  File "<frozen importlib._bootstrap_external>", line 1383, in _get_spec
  File "<frozen importlib._bootstrap_external>", line 1347, in _path_importer_cache
PermissionError: [Errno 1] Operation not permitted
Traceback (most recent call last):
  File "/Applications/Xcode.app/Contents/Developer/Library/Frameworks/Python3.framework/Versions/3.9/lib/python3.9/runpy.py", line 197, in _run_module_as_main
    return _run_code(code, main_globals, None,
  File "/Applications/Xcode.app/Contents/Developer/Library/Frameworks/Python3.framework/Versions/3.9/lib/python3.9/runpy.py", line 87, in _run_code
    exec(code, run_globals)
  File "/Users/macmini/Library/Python/3.9/lib/python/site-packages/uvicorn/__main__.py", line 4, in <module>
    uvicorn.main()
  File "/Users/macmini/Library/Python/3.9/lib/python/site-packages/click/core.py", line 1161, in __call__
    return self.main(*args, **kwargs)
  File "/Users/macmini/Library/Python/3.9/lib/python/site-packages/click/core.py", line 1082, in main
    rv = self.invoke(ctx)
  File "/Users/macmini/Library/Python/3.9/lib/python/site-packages/click/core.py", line 1443, in invoke
    return ctx.invoke(self.callback, **ctx.params)
  File "/Users/macmini/Library/Python/3.9/lib/python/site-packages/click/core.py", line 788, in invoke
    return __callback(*args, **kwargs)
  File "/Users/macmini/Library/Python/3.9/lib/python/site-packages/uvicorn/main.py", line 423, in main
    run(
  File "/Users/macmini/Library/Python/3.9/lib/python/site-packages/uvicorn/main.py", line 593, in run
    server.run()
  File "/Users/macmini/Library/Python/3.9/lib/python/site-packages/uvicorn/server.py", line 67, in run
    return asyncio_run(self.serve(sockets=sockets), loop_factory=self.config.get_loop_factory())
  File "/Users/macmini/Library/Python/3.9/lib/python/site-packages/uvicorn/_compat.py", line 60, in asyncio_run
    return loop.run_until_complete(main)
  File "/Applications/Xcode.app/Contents/Developer/Library/Frameworks/Python3.framework/Versions/3.9/lib/python3.9/asyncio/base_events.py", line 642, in run_until_complete
    return future.result()
  File "/Users/macmini/Library/Python/3.9/lib/python/site-packages/uvicorn/server.py", line 71, in serve
    await self._serve(sockets)
  File "/Users/macmini/Library/Python/3.9/lib/python/site-packages/uvicorn/server.py", line 78, in _serve
    config.load()
  File "/Users/macmini/Library/Python/3.9/lib/python/site-packages/uvicorn/config.py", line 425, in load
    http_protocol_class = import_from_string(HTTP_PROTOCOLS.get(self.http, self.http))
  File "/Users/macmini/Library/Python/3.9/lib/python/site-packages/uvicorn/importer.py", line 19, in import_from_string
    module = importlib.import_module(module_str)
  File "/Applications/Xcode.app/Contents/Developer/Library/Frameworks/Python3.framework/Versions/3.9/lib/python3.9/importlib/__init__.py", line 127, in import_module
    return _bootstrap._gcd_import(name[level:], package, level)
  File "<frozen importlib._bootstrap>", line 1030, in _gcd_import
  File "<frozen importlib._bootstrap>", line 1007, in _find_and_load
  File "<frozen importlib._bootstrap>", line 986, in _find_and_load_unlocked
  File "<frozen importlib._bootstrap>", line 680, in _load_unlocked
  File "<frozen importlib._bootstrap_external>", line 850, in exec_module
  File "<frozen importlib._bootstrap>", line 228, in _call_with_frames_removed
  File "/Users/macmini/Library/Python/3.9/lib/python/site-packages/uvicorn/protocols/http/h11_impl.py", line 10, in <module>
    import h11
  File "<frozen importlib._bootstrap>", line 1007, in _find_and_load
  File "<frozen importlib._bootstrap>", line 982, in _find_and_load_unlocked
  File "<frozen importlib._bootstrap>", line 925, in _find_spec
  File "<frozen importlib._bootstrap_external>", line 1414, in find_spec
  File "<frozen importlib._bootstrap_external>", line 1383, in _get_spec
  File "<frozen importlib._bootstrap_external>", line 1347, in _path_importer_cache
PermissionError: [Errno 1] Operation not permitted
Traceback (most recent call last):
  File "/Applications/Xcode.app/Contents/Developer/Library/Frameworks/Python3.framework/Versions/3.9/lib/python3.9/runpy.py", line 197, in _run_module_as_main
    return _run_code(code, main_globals, None,
  File "/Applications/Xcode.app/Contents/Developer/Library/Frameworks/Python3.framework/Versions/3.9/lib/python3.9/runpy.py", line 87, in _run_code
    exec(code, run_globals)
  File "/Users/macmini/Library/Python/3.9/lib/python/site-packages/uvicorn/__main__.py", line 4, in <module>
    uvicorn.main()
  File "/Users/macmini/Library/Python/3.9/lib/python/site-packages/click/core.py", line 1161, in __call__
    return self.main(*args, **kwargs)
  File "/Users/macmini/Library/Python/3.9/lib/python/site-packages/click/core.py", line 1082, in main
    rv = self.invoke(ctx)
  File "/Users/macmini/Library/Python/3.9/lib/python/site-packages/click/core.py", line 1443, in invoke
    return ctx.invoke(self.callback, **ctx.params)
  File "/Users/macmini/Library/Python/3.9/lib/python/site-packages/click/core.py", line 788, in invoke
    return __callback(*args, **kwargs)
  File "/Users/macmini/Library/Python/3.9/lib/python/site-packages/uvicorn/main.py", line 423, in main
    run(
  File "/Users/macmini/Library/Python/3.9/lib/python/site-packages/uvicorn/main.py", line 593, in run
    server.run()
  File "/Users/macmini/Library/Python/3.9/lib/python/site-packages/uvicorn/server.py", line 67, in run
    return asyncio_run(self.serve(sockets=sockets), loop_factory=self.config.get_loop_factory())
  File "/Users/macmini/Library/Python/3.9/lib/python/site-packages/uvicorn/_compat.py", line 60, in asyncio_run
    return loop.run_until_complete(main)
  File "/Applications/Xcode.app/Contents/Developer/Library/Frameworks/Python3.framework/Versions/3.9/lib/python3.9/asyncio/base_events.py", line 642, in run_until_complete
    return future.result()
  File "/Users/macmini/Library/Python/3.9/lib/python/site-packages/uvicorn/server.py", line 71, in serve
    await self._serve(sockets)
  File "/Users/macmini/Library/Python/3.9/lib/python/site-packages/uvicorn/server.py", line 78, in _serve
    config.load()
  File "/Users/macmini/Library/Python/3.9/lib/python/site-packages/uvicorn/config.py", line 425, in load
    http_protocol_class = import_from_string(HTTP_PROTOCOLS.get(self.http, self.http))
  File "/Users/macmini/Library/Python/3.9/lib/python/site-packages/uvicorn/importer.py", line 19, in import_from_string
    module = importlib.import_module(module_str)
  File "/Applications/Xcode.app/Contents/Developer/Library/Frameworks/Python3.framework/Versions/3.9/lib/python3.9/importlib/__init__.py", line 127, in import_module
    return _bootstrap._gcd_import(name[level:], package, level)
  File "<frozen importlib._bootstrap>", line 1030, in _gcd_import
  File "<frozen importlib._bootstrap>", line 1007, in _find_and_load
  File "<frozen importlib._bootstrap>", line 986, in _find_and_load_unlocked
  File "<frozen importlib._bootstrap>", line 680, in _load_unlocked
  File "<frozen importlib._bootstrap_external>", line 850, in exec_module
  File "<frozen importlib._bootstrap>", line 228, in _call_with_frames_removed
  File "/Users/macmini/Library/Python/3.9/lib/python/site-packages/uvicorn/protocols/http/h11_impl.py", line 10, in <module>
    import h11
  File "<frozen importlib._bootstrap>", line 1007, in _find_and_load
  File "<frozen importlib._bootstrap>", line 982, in _find_and_load_unlocked
  File "<frozen importlib._bootstrap>", line 925, in _find_spec
  File "<frozen importlib._bootstrap_external>", line 1414, in find_spec
  File "<frozen importlib._bootstrap_external>", line 1383, in _get_spec
  File "<frozen importlib._bootstrap_external>", line 1347, in _path_importer_cache
PermissionError: [Errno 1] Operation not permitted
Traceback (most recent call last):
  File "/Applications/Xcode.app/Contents/Developer/Library/Frameworks/Python3.framework/Versions/3.9/lib/python3.9/runpy.py", line 197, in _run_module_as_main
    return _run_code(code, main_globals, None,
  File "/Applications/Xcode.app/Contents/Developer/Library/Frameworks/Python3.framework/Versions/3.9/lib/python3.9/runpy.py", line 87, in _run_code
    exec(code, run_globals)
  File "/Users/macmini/Library/Python/3.9/lib/python/site-packages/uvicorn/__main__.py", line 4, in <module>
    uvicorn.main()
  File "/Users/macmini/Library/Python/3.9/lib/python/site-packages/click/core.py", line 1161, in __call__
    return self.main(*args, **kwargs)
  File "/Users/macmini/Library/Python/3.9/lib/python/site-packages/click/core.py", line 1082, in main
    rv = self.invoke(ctx)
  File "/Users/macmini/Library/Python/3.9/lib/python/site-packages/click/core.py", line 1443, in invoke
    return ctx.invoke(self.callback, **ctx.params)
  File "/Users/macmini/Library/Python/3.9/lib/python/site-packages/click/core.py", line 788, in invoke
    return __callback(*args, **kwargs)
  File "/Users/macmini/Library/Python/3.9/lib/python/site-packages/uvicorn/main.py", line 423, in main
    run(
  File "/Users/macmini/Library/Python/3.9/lib/python/site-packages/uvicorn/main.py", line 593, in run
    server.run()
  File "/Users/macmini/Library/Python/3.9/lib/python/site-packages/uvicorn/server.py", line 67, in run
    return asyncio_run(self.serve(sockets=sockets), loop_factory=self.config.get_loop_factory())
  File "/Users/macmini/Library/Python/3.9/lib/python/site-packages/uvicorn/_compat.py", line 60, in asyncio_run
    return loop.run_until_complete(main)
  File "/Applications/Xcode.app/Contents/Developer/Library/Frameworks/Python3.framework/Versions/3.9/lib/python3.9/asyncio/base_events.py", line 642, in run_until_complete
    return future.result()
  File "/Users/macmini/Library/Python/3.9/lib/python/site-packages/uvicorn/server.py", line 71, in serve
    await self._serve(sockets)
  File "/Users/macmini/Library/Python/3.9/lib/python/site-packages/uvicorn/server.py", line 78, in _serve
    config.load()
  File "/Users/macmini/Library/Python/3.9/lib/python/site-packages/uvicorn/config.py", line 425, in load
    http_protocol_class = import_from_string(HTTP_PROTOCOLS.get(self.http, self.http))
  File "/Users/macmini/Library/Python/3.9/lib/python/site-packages/uvicorn/importer.py", line 19, in import_from_string
    module = importlib.import_module(module_str)
  File "/Applications/Xcode.app/Contents/Developer/Library/Frameworks/Python3.framework/Versions/3.9/lib/python3.9/importlib/__init__.py", line 127, in import_module
    return _bootstrap._gcd_import(name[level:], package, level)
  File "<frozen importlib._bootstrap>", line 1030, in _gcd_import
  File "<frozen importlib._bootstrap>", line 1007, in _find_and_load
  File "<frozen importlib._bootstrap>", line 986, in _find_and_load_unlocked
  File "<frozen importlib._bootstrap>", line 680, in _load_unlocked
  File "<frozen importlib._bootstrap_external>", line 850, in exec_module
  File "<frozen importlib._bootstrap>", line 228, in _call_with_frames_removed
  File "/Users/macmini/Library/Python/3.9/lib/python/site-packages/uvicorn/protocols/http/h11_impl.py", line 10, in <module>
    import h11
  File "<frozen importlib._bootstrap>", line 1007, in _find_and_load
  File "<frozen importlib._bootstrap>", line 982, in _find_and_load_unlocked
  File "<frozen importlib._bootstrap>", line 925, in _find_spec
  File "<frozen importlib._bootstrap_external>", line 1414, in find_spec
  File "<frozen importlib._bootstrap_external>", line 1383, in _get_spec
  File "<frozen importlib._bootstrap_external>", line 1347, in _path_importer_cache
PermissionError: [Errno 1] Operation not permitted
Fatal Python error: init_import_site: Failed to import the site module
Python runtime state: initialized
Traceback (most recent call last):
  File "/Applications/Xcode.app/Contents/Developer/Library/Frameworks/Python3.framework/Versions/3.9/lib/python3.9/site.py", line 621, in <module>
    main()
  File "/Applications/Xcode.app/Contents/Developer/Library/Frameworks/Python3.framework/Versions/3.9/lib/python3.9/site.py", line 604, in main
    known_paths = venv(known_paths)
  File "/Applications/Xcode.app/Contents/Developer/Library/Frameworks/Python3.framework/Versions/3.9/lib/python3.9/site.py", line 522, in venv
    with open(virtual_conf, encoding='utf-8') as f:
PermissionError: [Errno 1] Operation not permitted: '/Users/macmini/Desktop/ÊµãËØïÂπ≥Âè∞/.venv/pyvenv.cfg'
Fatal Python error: init_import_site: Failed to import the site module
Python runtime state: initialized
Traceback (most recent call last):
  File "/Applications/Xcode.app/Contents/Developer/Library/Frameworks/Python3.framework/Versions/3.9/lib/python3.9/site.py", line 621, in <module>
    main()
  File "/Applications/Xcode.app/Contents/Developer/Library/Frameworks/Python3.framework/Versions/3.9/lib/python3.9/site.py", line 604, in main
    known_paths = venv(known_paths)
  File "/Applications/Xcode.app/Contents/Developer/Library/Frameworks/Python3.framework/Versions/3.9/lib/python3.9/site.py", line 522, in venv
    with open(virtual_conf, encoding='utf-8') as f:
PermissionError: [Errno 1] Operation not permitted: '/Users/macmini/Desktop/ÊµãËØïÂπ≥Âè∞/.venv/pyvenv.cfg'
Fatal Python error: init_import_site: Failed to import the site module
Python runtime state: initialized
Traceback (most recent call last):
  File "/Applications/Xcode.app/Contents/Developer/Library/Frameworks/Python3.framework/Versions/3.9/lib/python3.9/site.py", line 621, in <module>
    main()
  File "/Applications/Xcode.app/Contents/Developer/Library/Frameworks/Python3.framework/Versions/3.9/lib/python3.9/site.py", line 604, in main
    known_paths = venv(known_paths)
  File "/Applications/Xcode.app/Contents/Developer/Library/Frameworks/Python3.framework/Versions/3.9/lib/python3.9/site.py", line 522, in venv
    with open(virtual_conf, encoding='utf-8') as f:
PermissionError: [Errno 1] Operation not permitted: '/Users/macmini/Desktop/ÊµãËØïÂπ≥Âè∞/.venv/pyvenv.cfg'
Fatal Python error: init_import_site: Failed to import the site module
Python runtime state: initialized
Traceback (most recent call last):
  File "/Applications/Xcode.app/Contents/Developer/Library/Frameworks/Python3.framework/Versions/3.9/lib/python3.9/site.py", line 621, in <module>
    main()
  File "/Applications/Xcode.app/Contents/Developer/Library/Frameworks/Python3.framework/Versions/3.9/lib/python3.9/site.py", line 604, in main
    known_paths = venv(known_paths)
  File "/Applications/Xcode.app/Contents/Developer/Library/Frameworks/Python3.framework/Versions/3.9/lib/python3.9/site.py", line 522, in venv
    with open(virtual_conf, encoding='utf-8') as f:
PermissionError: [Errno 1] Operation not permitted: '/Users/macmini/Desktop/ÊµãËØïÂπ≥Âè∞/.venv/pyvenv.cfg'
Fatal Python error: init_import_site: Failed to import the site module
Python runtime state: initialized
Traceback (most recent call last):
  File "/Applications/Xcode.app/Contents/Developer/Library/Frameworks/Python3.framework/Versions/3.9/lib/python3.9/site.py", line 621, in <module>
    main()
  File "/Applications/Xcode.app/Contents/Developer/Library/Frameworks/Python3.framework/Versions/3.9/lib/python3.9/site.py", line 604, in main
    known_paths = venv(known_paths)
  File "/Applications/Xcode.app/Contents/Developer/Library/Frameworks/Python3.framework/Versions/3.9/lib/python3.9/site.py", line 522, in venv
    with open(virtual_conf, encoding='utf-8') as f:
PermissionError: [Errno 1] Operation not permitted: '/Users/macmini/Desktop/ÊµãËØïÂπ≥Âè∞/.venv/pyvenv.cfg'
Fatal Python error: init_import_site: Failed to import the site module
Python runtime state: initialized
Traceback (most recent call last):
  File "/Applications/Xcode.app/Contents/Developer/Library/Frameworks/Python3.framework/Versions/3.9/lib/python3.9/site.py", line 621, in <module>
    main()
  File "/Applications/Xcode.app/Contents/Developer/Library/Frameworks/Python3.framework/Versions/3.9/lib/python3.9/site.py", line 604, in main
    known_paths = venv(known_paths)
  File "/Applications/Xcode.app/Contents/Developer/Library/Frameworks/Python3.framework/Versions/3.9/lib/python3.9/site.py", line 522, in venv
    with open(virtual_conf, encoding='utf-8') as f:
PermissionError: [Errno 1] Operation not permitted: '/Users/macmini/Desktop/ÊµãËØïÂπ≥Âè∞/.venv/pyvenv.cfg'
Fatal Python error: init_import_site: Failed to import the site module
Python runtime state: initialized
Traceback (most recent call last):
  File "/Applications/Xcode.app/Contents/Developer/Library/Frameworks/Python3.framework/Versions/3.9/lib/python3.9/site.py", line 621, in <module>
    main()
  File "/Applications/Xcode.app/Contents/Developer/Library/Frameworks/Python3.framework/Versions/3.9/lib/python3.9/site.py", line 604, in main
    known_paths = venv(known_paths)
  File "/Applications/Xcode.app/Contents/Developer/Library/Frameworks/Python3.framework/Versions/3.9/lib/python3.9/site.py", line 522, in venv
    with open(virtual_conf, encoding='utf-8') as f:
PermissionError: [Errno 1] Operation not permitted: '/Users/macmini/Desktop/ÊµãËØïÂπ≥Âè∞/.venv/pyvenv.cfg'
Fatal Python error: init_import_site: Failed to import the site module
Python runtime state: initialized
Traceback (most recent call last):
  File "/Applications/Xcode.app/Contents/Developer/Library/Frameworks/Python3.framework/Versions/3.9/lib/python3.9/site.py", line 621, in <module>
    main()
  File "/Applications/Xcode.app/Contents/Developer/Library/Frameworks/Python3.framework/Versions/3.9/lib/python3.9/site.py", line 604, in main
    known_paths = venv(known_paths)
  File "/Applications/Xcode.app/Contents/Developer/Library/Frameworks/Python3.framework/Versions/3.9/lib/python3.9/site.py", line 522, in venv
    with open(virtual_conf, encoding='utf-8') as f:
PermissionError: [Errno 1] Operation not permitted: '/Users/macmini/Desktop/ÊµãËØïÂπ≥Âè∞/.venv/pyvenv.cfg'
Fatal Python error: init_import_site: Failed to import the site module
Python runtime state: initialized
Traceback (most recent call last):
  File "/Applications/Xcode.app/Contents/Developer/Library/Frameworks/Python3.framework/Versions/3.9/lib/python3.9/site.py", line 621, in <module>
    main()
  File "/Applications/Xcode.app/Contents/Developer/Library/Frameworks/Python3.framework/Versions/3.9/lib/python3.9/site.py", line 604, in main
    known_paths = venv(known_paths)
  File "/Applications/Xcode.app/Contents/Developer/Library/Frameworks/Python3.framework/Versions/3.9/lib/python3.9/site.py", line 522, in venv
    with open(virtual_conf, encoding='utf-8') as f:
PermissionError: [Errno 1] Operation not permitted: '/Users/macmini/Desktop/ÊµãËØïÂπ≥Âè∞/.venv/pyvenv.cfg'
Fatal Python error: init_import_site: Failed to import the site module
Python runtime state: initialized
Traceback (most recent call last):
  File "/Applications/Xcode.app/Contents/Developer/Library/Frameworks/Python3.framework/Versions/3.9/lib/python3.9/site.py", line 621, in <module>
    main()
  File "/Applications/Xcode.app/Contents/Developer/Library/Frameworks/Python3.framework/Versions/3.9/lib/python3.9/site.py", line 604, in main
    known_paths = venv(known_paths)
  File "/Applications/Xcode.app/Contents/Developer/Library/Frameworks/Python3.framework/Versions/3.9/lib/python3.9/site.py", line 522, in venv
    with open(virtual_conf, encoding='utf-8') as f:
PermissionError: [Errno 1] Operation not permitted: '/Users/macmini/Desktop/ÊµãËØïÂπ≥Âè∞/.venv/pyvenv.cfg'
Fatal Python error: init_import_site: Failed to import the site module
Python runtime state: initialized
Traceback (most recent call last):
  File "/Applications/Xcode.app/Contents/Developer/Library/Frameworks/Python3.framework/Versions/3.9/lib/python3.9/site.py", line 621, in <module>
    main()
  File "/Applications/Xcode.app/Contents/Developer/Library/Frameworks/Python3.framework/Versions/3.9/lib/python3.9/site.py", line 604, in main
    known_paths = venv(known_paths)
  File "/Applications/Xcode.app/Contents/Developer/Library/Frameworks/Python3.framework/Versions/3.9/lib/python3.9/site.py", line 522, in venv
    with open(virtual_conf, encoding='utf-8') as f:
PermissionError: [Errno 1] Operation not permitted: '/Users/macmini/Desktop/ÊµãËØïÂπ≥Âè∞/.venv/pyvenv.cfg'
Fatal Python error: init_import_site: Failed to import the site module
Python runtime state: initialized
Traceback (most recent call last):
  File "/Applications/Xcode.app/Contents/Developer/Library/Frameworks/Python3.framework/Versions/3.9/lib/python3.9/site.py", line 621, in <module>
    main()
  File "/Applications/Xcode.app/Contents/Developer/Library/Frameworks/Python3.framework/Versions/3.9/lib/python3.9/site.py", line 604, in main
    known_paths = venv(known_paths)
  File "/Applications/Xcode.app/Contents/Developer/Library/Frameworks/Python3.framework/Versions/3.9/lib/python3.9/site.py", line 522, in venv
    with open(virtual_conf, encoding='utf-8') as f:
PermissionError: [Errno 1] Operation not permitted: '/Users/macmini/Desktop/ÊµãËØïÂπ≥Âè∞/.venv/pyvenv.cfg'
Fatal Python error: init_import_site: Failed to import the site module
Python runtime state: initialized
Traceback (most recent call last):
  File "/Applications/Xcode.app/Contents/Developer/Library/Frameworks/Python3.framework/Versions/3.9/lib/python3.9/site.py", line 621, in <module>
    main()
  File "/Applications/Xcode.app/Contents/Developer/Library/Frameworks/Python3.framework/Versions/3.9/lib/python3.9/site.py", line 604, in main
    known_paths = venv(known_paths)
  File "/Applications/Xcode.app/Contents/Developer/Library/Frameworks/Python3.framework/Versions/3.9/lib/python3.9/site.py", line 522, in venv
    with open(virtual_conf, encoding='utf-8') as f:
PermissionError: [Errno 1] Operation not permitted: '/Users/macmini/Desktop/ÊµãËØïÂπ≥Âè∞/.venv/pyvenv.cfg'
Fatal Python error: init_import_site: Failed to import the site module
Python runtime state: initialized
Traceback (most recent call last):
  File "/Applications/Xcode.app/Contents/Developer/Library/Frameworks/Python3.framework/Versions/3.9/lib/python3.9/site.py", line 621, in <module>
    main()
  File "/Applications/Xcode.app/Contents/Developer/Library/Frameworks/Python3.framework/Versions/3.9/lib/python3.9/site.py", line 604, in main
    known_paths = venv(known_paths)
  File "/Applications/Xcode.app/Contents/Developer/Library/Frameworks/Python3.framework/Versions/3.9/lib/python3.9/site.py", line 522, in venv
    with open(virtual_conf, encoding='utf-8') as f:
PermissionError: [Errno 1] Operation not permitted: '/Users/macmini/Desktop/ÊµãËØïÂπ≥Âè∞/.venv/pyvenv.cfg'
Fatal Python error: init_import_site: Failed to import the site module
Python runtime state: initialized
Traceback (most recent call last):
  File "/Applications/Xcode.app/Contents/Developer/Library/Frameworks/Python3.framework/Versions/3.9/lib/python3.9/site.py", line 621, in <module>
    main()
  File "/Applications/Xcode.app/Contents/Developer/Library/Frameworks/Python3.framework/Versions/3.9/lib/python3.9/site.py", line 604, in main
    known_paths = venv(known_paths)
  File "/Applications/Xcode.app/Contents/Developer/Library/Frameworks/Python3.framework/Versions/3.9/lib/python3.9/site.py", line 522, in venv
    with open(virtual_conf, encoding='utf-8') as f:
PermissionError: [Errno 1] Operation not permitted: '/Users/macmini/Desktop/ÊµãËØïÂπ≥Âè∞/.venv/pyvenv.cfg'
Fatal Python error: init_import_site: Failed to import the site module
Python runtime state: initialized
Traceback (most recent call last):
  File "/Applications/Xcode.app/Contents/Developer/Library/Frameworks/Python3.framework/Versions/3.9/lib/python3.9/site.py", line 621, in <module>
    main()
  File "/Applications/Xcode.app/Contents/Developer/Library/Frameworks/Python3.framework/Versions/3.9/lib/python3.9/site.py", line 604, in main
    known_paths = venv(known_paths)
  File "/Applications/Xcode.app/Contents/Developer/Library/Frameworks/Python3.framework/Versions/3.9/lib/python3.9/site.py", line 522, in venv
    with open(virtual_conf, encoding='utf-8') as f:
PermissionError: [Errno 1] Operation not permitted: '/Users/macmini/Desktop/ÊµãËØïÂπ≥Âè∞/.venv/pyvenv.cfg'
Fatal Python error: init_import_site: Failed to import the site module
Python runtime state: initialized
Traceback (most recent call last):
  File "/Applications/Xcode.app/Contents/Developer/Library/Frameworks/Python3.framework/Versions/3.9/lib/python3.9/site.py", line 621, in <module>
    main()
  File "/Applications/Xcode.app/Contents/Developer/Library/Frameworks/Python3.framework/Versions/3.9/lib/python3.9/site.py", line 604, in main
    known_paths = venv(known_paths)
  File "/Applications/Xcode.app/Contents/Developer/Library/Frameworks/Python3.framework/Versions/3.9/lib/python3.9/site.py", line 522, in venv
    with open(virtual_conf, encoding='utf-8') as f:
PermissionError: [Errno 1] Operation not permitted: '/Users/macmini/Desktop/ÊµãËØïÂπ≥Âè∞/.venv/pyvenv.cfg'
Fatal Python error: init_import_site: Failed to import the site module
Python runtime state: initialized
Traceback (most recent call last):
  File "/Applications/Xcode.app/Contents/Developer/Library/Frameworks/Python3.framework/Versions/3.9/lib/python3.9/site.py", line 621, in <module>
    main()
  File "/Applications/Xcode.app/Contents/Developer/Library/Frameworks/Python3.framework/Versions/3.9/lib/python3.9/site.py", line 604, in main
    known_paths = venv(known_paths)
  File "/Applications/Xcode.app/Contents/Developer/Library/Frameworks/Python3.framework/Versions/3.9/lib/python3.9/site.py", line 522, in venv
    with open(virtual_conf, encoding='utf-8') as f:
PermissionError: [Errno 1] Operation not permitted: '/Users/macmini/Desktop/ÊµãËØïÂπ≥Âè∞/.venv/pyvenv.cfg'
Fatal Python error: init_import_site: Failed to import the site module
Python runtime state: initialized
Traceback (most recent call last):
  File "/Applications/Xcode.app/Contents/Developer/Library/Frameworks/Python3.framework/Versions/3.9/lib/python3.9/site.py", line 621, in <module>
    main()
  File "/Applications/Xcode.app/Contents/Developer/Library/Frameworks/Python3.framework/Versions/3.9/lib/python3.9/site.py", line 604, in main
    known_paths = venv(known_paths)
  File "/Applications/Xcode.app/Contents/Developer/Library/Frameworks/Python3.framework/Versions/3.9/lib/python3.9/site.py", line 522, in venv
    with open(virtual_conf, encoding='utf-8') as f:
PermissionError: [Errno 1] Operation not permitted: '/Users/macmini/Desktop/ÊµãËØïÂπ≥Âè∞/.venv/pyvenv.cfg'
Fatal Python error: init_import_site: Failed to import the site module
Python runtime state: initialized
Traceback (most recent call last):
  File "/Applications/Xcode.app/Contents/Developer/Library/Frameworks/Python3.framework/Versions/3.9/lib/python3.9/site.py", line 621, in <module>
    main()
  File "/Applications/Xcode.app/Contents/Developer/Library/Frameworks/Python3.framework/Versions/3.9/lib/python3.9/site.py", line 604, in main
    known_paths = venv(known_paths)
  File "/Applications/Xcode.app/Contents/Developer/Library/Frameworks/Python3.framework/Versions/3.9/lib/python3.9/site.py", line 522, in venv
    with open(virtual_conf, encoding='utf-8') as f:
PermissionError: [Errno 1] Operation not permitted: '/Users/macmini/Desktop/ÊµãËØïÂπ≥Âè∞/.venv/pyvenv.cfg'
Fatal Python error: init_import_site: Failed to import the site module
Python runtime state: initialized
Traceback (most recent call last):
  File "/Applications/Xcode.app/Contents/Developer/Library/Frameworks/Python3.framework/Versions/3.9/lib/python3.9/site.py", line 621, in <module>
    main()
  File "/Applications/Xcode.app/Contents/Developer/Library/Frameworks/Python3.framework/Versions/3.9/lib/python3.9/site.py", line 604, in main
    known_paths = venv(known_paths)
  File "/Applications/Xcode.app/Contents/Developer/Library/Frameworks/Python3.framework/Versions/3.9/lib/python3.9/site.py", line 522, in venv
    with open(virtual_conf, encoding='utf-8') as f:
PermissionError: [Errno 1] Operation not permitted: '/Users/macmini/Desktop/ÊµãËØïÂπ≥Âè∞/.venv/pyvenv.cfg'
Fatal Python error: init_import_site: Failed to import the site module
Python runtime state: initialized
Traceback (most recent call last):
  File "/Applications/Xcode.app/Contents/Developer/Library/Frameworks/Python3.framework/Versions/3.9/lib/python3.9/site.py", line 621, in <module>
    main()
  File "/Applications/Xcode.app/Contents/Developer/Library/Frameworks/Python3.framework/Versions/3.9/lib/python3.9/site.py", line 604, in main
    known_paths = venv(known_paths)
  File "/Applications/Xcode.app/Contents/Developer/Library/Frameworks/Python3.framework/Versions/3.9/lib/python3.9/site.py", line 522, in venv
    with open(virtual_conf, encoding='utf-8') as f:
PermissionError: [Errno 1] Operation not permitted: '/Users/macmini/Desktop/ÊµãËØïÂπ≥Âè∞/.venv/pyvenv.cfg'
Fatal Python error: init_import_site: Failed to import the site module
Python runtime state: initialized
Traceback (most recent call last):
  File "/Applications/Xcode.app/Contents/Developer/Library/Frameworks/Python3.framework/Versions/3.9/lib/python3.9/site.py", line 621, in <module>
    main()
  File "/Applications/Xcode.app/Contents/Developer/Library/Frameworks/Python3.framework/Versions/3.9/lib/python3.9/site.py", line 604, in main
    known_paths = venv(known_paths)
  File "/Applications/Xcode.app/Contents/Developer/Library/Frameworks/Python3.framework/Versions/3.9/lib/python3.9/site.py", line 522, in venv
    with open(virtual_conf, encoding='utf-8') as f:
PermissionError: [Errno 1] Operation not permitted: '/Users/macmini/Desktop/ÊµãËØïÂπ≥Âè∞/.venv/pyvenv.cfg'
